3519758.279425,749.651550,549.079651,531.208984,746.348633,986.909180,802.554626,812.290771,449.710754,4967.693848,2857.086914,4239.089844,2991.153320,3661.471436,5813.850098,4508.299805,2990.265137,13320.355469,8881.167969,9816.956055,11967.030273,13178.370117,8599.092773,12194.676758,9447.481445,6723.232910,4331.702637,5891.669434,12494.758789,8876.549805,5933.863281,5726.044434,8154.843262,345.084137,340.907654,238.649719,365.949310,331.809021,288.461395,335.356720,296.029724,1.000000
3519758.289425,738.691406,532.681702,520.480591,713.103638,963.981262,778.046387,827.535095,442.524017,4952.960449,2851.810547,4225.490723,2901.572266,3506.940186,5707.185059,4266.709473,3071.573242,13159.442383,8926.956055,9865.396484,12254.086914,12913.485352,8775.546875,11820.062500,9611.114258,6728.594727,4483.269043,5986.733398,12535.704102,8835.520508,6098.119629,5445.049316,8085.058105,325.469635,330.536194,238.365967,354.615936,357.104919,279.545227,317.645020,290.385834,0.000000
3519758.299425,734.916199,543.320557,519.911560,686.407715,931.120361,745.677063,795.472900,456.782623,4947.639160,2893.586670,4214.012695,2792.423340,3384.922119,5604.568359,4083.378174,3153.835205,12929.500977,8957.781250,9896.155273,12494.480469,12619.726562,8994.042969,11434.226562,9776.073242,6796.992676,4617.294922,6083.244141,12549.932617,8848.030273,6280.501465,5215.206055,7984.892578,313.047119,323.941254,243.871307,344.412628,332.402740,283.729462,301.845886,283.035522,0.000000
3519758.309425,707.509827,533.175110,574.598877,662.455444,891.275940,706.434692,766.601013,447.625854,4907.256836,2952.655273,4252.943848,2704.772705,3311.048584,5505.760742,3933.147461,3195.491211,12675.830078,8932.237305,9904.366211,12703.848633,12297.403320,9193.852539,11055.717773,9945.423828,6884.772949,4737.789551,6126.811523,12561.025391,8906.370117,6458.653809,5004.333496,7873.866699,319.184082,323.365204,237.804916,348.542328,320.891327,284.541687,301.938507,273.595367,0.000000
3519758.319425,734.533386,507.258881,668.659790,645.152283,863.626465,673.792908,788.523254,472.461304,4866.241211,2984.116455,4302.559082,2710.429199,3263.164551,5410.661133,3867.074463,3236.898682,12376.260742,8870.887695,9794.469727,12880.712891,11971.303711,9383.512695,10635.419922,10066.875000,6916.974609,4841.410645,6029.435059,12581.789062,8964.104492,6610.722168,4983.841797,7808.883789,317.734894,326.623383,242.886810,344.215881,333.616852,288.609344,324.330627,258.907623,0.000000
3519758.329425,802.687378,541.874695,680.663818,606.815796,879.446167,672.444824,896.325195,503.707397,4689.980957,3024.993408,4235.104004,2732.050049,3268.249268,5341.000977,3979.699707,3186.136230,11938.390625,8781.472656,9547.827148,13012.122070,11594.255859,9552.468750,10082.015625,10107.511719,6829.221191,4873.445312,5790.088379,12617.250977,8979.790039,6709.392578,4948.583008,7839.698730,299.934326,311.920044,285.193268,335.656586,347.779114,296.889313,321.186523,248.366989,0.000000
3519758.339425,806.057312,608.932556,717.844910,588.452637,957.299683,694.371216,897.951782,504.953583,4413.434570,2970.595703,4137.253906,2721.826904,3366.037598,5378.962891,3900.414551,3066.281006,11458.250977,8574.375977,9261.664062,13104.635742,11065.525391,9628.385742,9417.560547,10095.074219,6624.581055,4781.791992,5456.852051,12655.936523,8883.515625,6717.788574,4762.651855,7961.657227,335.997437,309.344757,301.443665,323.653351,335.999512,305.932190,315.834930,279.214630,0.000000
3519758.349425,842.075806,599.043518,710.416931,561.595276,979.576538,681.149170,894.063232,557.390686,4122.661133,2819.273682,3962.347168,2719.529053,3389.715576,5444.569824,3792.029541,2903.754639,10946.390625,8288.238281,8936.303711,13362.346680,10435.571289,9618.121094,8847.068359,10014.216797,6355.952148,4604.177734,5118.626953,12697.533203,8691.083984,6653.394531,4492.548828,8132.873047,360.004822,327.533691,298.923126,317.068878,338.142120,315.112213,346.679901,286.689911,0.000000
3519758.840675,807.175354,582.025879,686.742493,537.689087,919.269653,664.556396,900.817322,583.432678,3965.276123,2652.130371,3778.763184,2751.075928,3312.655762,5509.430664,3794.034424,2835.342773,10491.590820,7977.695312,8574.832031,13642.170898,9844.171875,9576.373047,8446.920898,9849.647461,6072.654297,4390.117188,4824.702637,12742.234375,8425.037109,6543.784668,4563.676758,8352.011719,370.088501,320.254364,297.875488,322.149323,363.791779,323.335938,392.399597,278.318359,0.000000
3519758.850675,844.868164,573.573914,681.847473,539.456970,890.625793,623.558533,1033.809814,561.806213,3878.384033,2543.374512,3650.012207,2807.959229,3206.404541,5539.599609,3948.935547,2804.697266,10177.849609,7642.271484,8220.808594,13916.254883,9380.367188,9535.217773,8232.032227,9664.316406,5837.542480,4148.731934,4653.154297,12812.550781,8099.250488,6388.340820,4677.795898,8581.487305,377.951721,335.660370,287.364655,309.002655,401.988281,337.899536,405.154877,281.220093,0.000000
3519758.860675,867.688049,622.780640,639.961853,560.959351,982.108398,654.944031,1094.324707,524.871887,3762.934570,2535.954102,3544.972412,2908.782471,3153.165527,5495.037109,4262.083984,2792.805908,9979.165039,7353.112305,8132.927246,14187.703125,9064.103516,9548.024414,8259.664062,9480.695312,5686.395020,3949.237549,5012.862305,12928.062500,7681.544922,6173.300781,4834.146484,8782.952148,379.230042,337.842438,279.058533,308.764648,409.795563,330.153015,395.804016,280.328918,0.000000
3519758.870675,859.063599,625.624146,608.712952,562.161438,1063.564697,692.024597,1053.602173,495.085876,3627.857422,2545.475586,3439.427246,3002.376709,3295.459961,5462.113770,4532.923340,2785.881836,9822.061523,7181.310547,8193.978516,14443.801758,8950.125977,9654.229492,8435.318359,9307.246094,5592.540039,3832.375732,5349.157715,13055.981445,7171.742188,5893.797363,4988.250977,8964.665039,372.561523,318.798676,276.643463,303.831024,402.118988,327.333649,395.125000,281.406219,0.000000
3519758.880675,827.912170,600.442627,626.933289,589.968750,1057.676270,709.542603,977.642639,490.050415,3483.751221,2539.786377,3386.899170,3169.405518,3452.533691,5451.755371,4809.674805,2758.106934,9702.187500,7059.942871,8230.682617,14600.340820,8918.993164,9775.617188,8643.094727,9115.753906,5534.373047,3766.483643,5643.128906,13129.153320,7175.456543,5615.447754,5085.917480,9108.402344,378.300537,328.668976,276.746124,292.918701,381.655762,338.761017,367.159088,286.932739,0.000000
3519758.890675,799.437317,560.040222,648.704285,681.582947,1046.602295,736.161499,942.484375,551.844971,3363.624268,2533.295654,3360.077881,3336.658936,3601.125977,5458.160156,5055.629395,2660.182861,9571.406250,6972.748535,8227.257812,14595.532227,8924.174805,9877.590820,8870.934570,8838.903320,5676.194824,3728.116943,5867.467285,13130.644531,7163.466797,5324.869629,5150.049805,9204.542969,371.573517,318.699860,284.678680,319.230499,381.800659,336.268616,366.986755,305.689423,0.000000
3519758.900675,767.274231,523.190002,795.946777,725.713501,1034.671387,827.611267,912.854492,581.432739,3277.466309,2528.317627,3471.052002,3406.795410,3719.306152,5313.784668,5276.361816,2672.781006,9438.360352,6890.011230,8078.335449,14469.956055,8905.028320,9872.987305,9098.536133,8712.677734,5972.114746,3691.165039,5943.259766,13064.975586,7121.277344,4986.691406,5205.207031,9267.285156,391.076721,319.431824,319.259796,331.692932,366.139069,355.202515,351.091187,303.519836,0.000000
3519758.910675,752.862244,505.105530,832.721863,912.025391,1006.218994,796.423096,885.081299,664.223999,3206.684814,2526.007568,3606.422119,3515.027588,3905.875732,5197.827637,5469.119141,2752.835449,9318.250977,6824.591309,7761.208984,14152.520508,9007.038086,9947.260742,9326.866211,8611.957031,6273.454590,3632.241699,5856.034668,12801.236328,7056.000488,4780.803223,5267.135742,9239.399414,368.726135,315.677887,353.326385,396.090881,357.449219,346.619507,336.627594,328.699371,0.000000
3519759.372711,778.376465,479.802948,793.333313,1045.051636,1059.937256,786.761719,851.399780,696.410828,3144.708008,2514.992676,3703.585449,3569.311279,4108.578613,5093.814941,5639.459961,2973.025635,9223.875000,6771.287598,7354.364258,13550.036133,9270.092773,10026.257812,9544.141602,8519.063477,6598.290039,3579.451416,5738.025391,12255.778320,6926.457520,4614.447754,5328.842285,9080.912109,369.878387,302.242188,345.012085,425.340973,355.161133,350.359161,326.178955,334.135406,0.000000
3519759.382711,796.175964,467.019897,767.418274,1058.827759,1026.090332,749.073730,806.007141,707.296753,3081.439941,2518.857910,3780.266602,3513.308838,4186.295898,5048.791016,5792.123047,3193.013428,9142.109375,6705.115234,6896.579102,12736.019531,9505.514648,10143.815430,9747.000977,8399.910156,6893.351562,3548.731934,5669.131348,11503.019531,6700.981934,4477.027832,5374.069336,8809.177734,355.943420,286.965729,355.105408,430.694977,358.117889,342.027893,307.141113,328.684387,0.000000
3519759.392711,842.510254,439.225769,757.522522,1031.180176,971.297729,704.788513,784.105591,732.085083,3110.921631,2516.376221,3806.069824,3368.228271,4201.270996,5003.841309,5912.871582,3297.567383,8968.973633,6636.024902,6428.487793,11842.750977,9669.682617,10257.666016,9952.941406,8213.861328,7094.808594,3535.770996,5640.154297,10684.347656,6414.305176,4376.709473,5402.026367,8469.392578,346.216888,276.282257,353.156311,459.725708,350.487366,336.358826,291.966217,341.012451,0.000000
3519759.402711,789.053528,413.012360,728.663513,1006.399597,932.334167,733.800720,760.055298,717.977051,3127.793701,2518.167725,3816.798096,3193.919189,4203.818848,4905.095215,6024.286621,3350.440430,8787.080078,6563.594238,5986.121094,10988.791016,9796.702148,10337.151367,10153.806641,7988.526855,7223.759766,3525.922607,5626.511230,9956.057617,6138.508301,4343.577637,5418.379395,8102.505371,349.320770,265.333984,347.245239,449.747528,353.663055,333.357819,283.097260,334.909027,0.000000
3519759.412711,757.696533,392.642426,708.141296,966.069519,894.069458,747.150391,737.843384,695.054138,3163.546387,2514.211182,3832.945312,2992.339355,4212.163086,4749.229980,6138.722656,3357.916748,8589.237305,6480.634766,5939.029297,10254.050781,9908.301758,10322.325195,10330.678711,7756.626953,7297.265625,3512.748047,5614.865723,9333.034180,6114.908203,4389.482422,5436.024414,7710.618164,332.215302,255.681580,341.879364,433.971130,343.051819,332.253235,276.885254,326.976501,0.000000
3519759.422711,749.708496,378.547455,687.509216,904.746887,866.177246,759.380798,750.002502,662.752563,3190.435547,2503.979492,3851.398193,2779.532715,4210.564941,4586.526367,6230.308105,3377.592285,8384.275391,6388.100098,5905.354004,9612.443359,10014.590820,10269.874023,10456.597656,7512.599609,7323.687012,3485.844971,5601.486816,8790.218750,6235.487305,4457.157715,5461.711426,7308.604980,322.526947,248.841705,336.654175,419.490143,334.777679,333.299377,271.126587,315.540863,0.000000
3519759.432711,726.839722,384.063843,664.531677,845.615234,816.906616,764.225586,726.710754,631.171021,3198.890381,2471.115479,3865.027100,2579.318604,4204.979004,4456.351562,6278.375000,3406.823730,8199.978516,6272.840332,5868.481445,9024.486328,10097.182617,10117.288086,10548.842773,7277.198242,7338.227539,3432.919189,5588.409180,8293.616211,6338.500000,4523.412109,5523.503906,6926.978027,317.464386,242.731903,330.259857,404.324341,324.440155,326.075012,261.625000,303.007233,0.000000
3519759.442711,702.750916,366.314423,633.117554,790.944092,784.224304,744.489258,701.113586,605.557617,3205.606201,2413.578125,3877.774414,2450.955322,4220.308594,4422.318359,6314.076660,3436.056641,8018.740723,6152.447266,5814.744141,8557.613281,10152.343750,9918.227539,10624.909180,7061.245117,7362.285156,3391.645264,5600.028320,7834.708984,6427.099121,4600.873047,5589.125488,6575.680664,313.161377,235.607315,340.297760,392.218323,320.330353,322.172943,253.477631,292.227966,0.000000
3519759.889273,677.984497,344.698456,662.336365,738.390808,757.333862,730.969299,679.283081,582.885010,3209.712158,2359.591553,3837.859619,2385.004150,4240.236328,4407.232910,6331.126465,3461.977783,7848.423828,6039.791016,5713.420410,8312.792969,10196.403320,9719.727539,10679.428711,6861.278320,7387.759277,3388.664307,5657.950684,7417.064453,6500.429199,4657.800781,5666.493652,6249.880859,311.342773,224.739502,344.732452,388.873810,315.043579,301.421539,247.616333,281.665009,0.000000
3519759.899273,643.629395,337.140198,659.449036,719.568359,737.366028,710.244568,665.650085,559.662598,3214.072510,2303.497070,3770.310059,2294.692627,4273.779297,4421.795410,6352.754395,3485.940430,7681.278320,5922.833008,5576.610352,8073.956543,10223.227539,9516.043945,10728.969727,6678.265137,7408.108398,3398.617432,5750.645996,7044.860352,6554.125977,4684.794434,5747.605957,5946.971191,308.599457,227.472229,341.071686,378.077179,308.815247,288.003815,241.189438,270.919373,0.000000
3519759.909273,617.192627,345.421173,662.963623,688.958130,703.674194,685.365723,650.121033,537.618469,3213.042480,2287.652344,3692.343262,2222.110352,4302.617188,4434.560059,6375.608887,3507.245117,7521.467285,5827.322754,5624.486816,7832.211914,10249.958008,9329.585938,10776.779297,6508.448242,7424.370605,3433.059570,5838.449219,6715.444824,6591.610352,4704.475586,5825.183105,5664.616699,305.950256,223.721085,346.314545,366.967865,303.703186,277.291595,235.054626,262.599365,0.000000
3519759.919273,594.771912,330.333466,635.465942,656.111145,681.347717,654.591064,626.529053,514.957581,3208.996338,2287.735596,3590.908447,2162.041748,4320.847656,4453.342285,6399.232422,3530.015137,7369.290527,5763.377930,5723.955566,7680.869629,10282.695312,9150.394531,10811.079102,6351.785156,7434.121094,3486.949463,5889.363281,6413.350098,6619.865723,4726.401367,5890.756348,5397.778320,299.014404,215.819397,342.507416,367.089813,298.171417,267.068268,222.681656,256.309296,0.000000
3519759.929273,571.155151,311.906555,618.367432,649.641541,655.509949,619.471924,603.143616,525.169617,3192.539307,2288.902100,3445.426514,2078.506104,4328.777344,4472.831543,6435.851074,3570.147461,7215.219727,5717.498047,5807.036621,7617.479004,10331.120117,8984.466797,10828.430664,6246.971680,7422.964355,3547.213623,5884.989258,6148.700195,6624.392090,4744.760742,5934.624023,5132.484375,310.388519,221.276413,356.170410,390.071625,288.411194,262.093781,230.453125,276.400452,0.000000
3519759.939273,557.377197,301.216339,634.426636,665.755737,612.221313,612.978943,602.711243,539.824036,3195.540283,2277.440186,3320.858398,2040.360840,4355.011719,4522.603516,6499.329102,3565.900146,7070.105469,5689.183594,5923.994141,7475.324707,10388.166992,8796.406250,10815.236328,6218.260742,7377.237305,3616.632568,5822.423828,5954.629883,6576.644043,4780.717285,5942.727539,4881.684082,312.041260,208.052933,365.075470,400.169281,310.051453,257.536621,221.828400,283.714142,0.000000
3519759.949273,559.101196,300.977570,633.308350,647.979248,641.408569,609.096741,615.951233,526.540344,3243.155762,2251.147217,3228.823975,2068.593018,4438.100586,4556.617188,6590.678711,3491.690430,6967.912109,5671.846680,6053.709961,7300.202637,10466.101562,8613.304688,10787.418945,6230.703613,7301.795898,3684.798096,5749.277832,5828.940918,6454.609375,4843.642090,5912.506836,4675.181152,311.101257,208.522018,359.812744,394.263519,297.144287,259.660858,213.100372,276.454773,0.000000
3519759.959273,553.465149,288.373688,629.240356,631.804443,678.747803,590.287842,615.068237,515.324097,3293.625732,2221.600098,3160.776611,2105.492432,4606.490234,4571.656250,6672.233398,3408.234863,6884.751465,5657.041992,6178.074219,7256.942871,10486.374023,8454.712891,10910.451172,6261.553223,7217.278320,3740.031738,5695.327637,5739.991211,6470.927246,4916.338867,5870.783203,4481.719238,308.333679,205.496719,360.486084,404.619141,294.175354,251.273880,213.116928,285.066101,0.000000
3519760.283523,537.858582,272.173035,620.292236,606.595154,683.141724,558.739624,602.949768,501.814423,3352.742676,2206.625000,3103.351807,2153.170166,4765.287109,4574.375000,6753.578125,3309.351074,6814.827148,5635.312012,6301.194824,7276.002930,10473.891602,8310.200195,11073.511719,6316.447754,7131.434082,3782.503174,5724.215820,5676.103516,6600.362305,4982.510742,5832.977539,4286.957520,309.414886,200.253204,365.064240,411.274414,288.875000,248.266525,209.775055,289.491943,0.000000
3519760.293523,521.661011,258.485291,630.646545,574.616333,666.022217,539.908691,593.382507,490.727234,3407.711182,2194.856934,3025.505615,2189.674561,4932.479492,4566.544434,6825.478516,3222.374023,6756.117188,5614.657227,6426.067383,7301.736816,10450.841797,8187.109863,11228.421875,6364.965820,7051.931152,3818.850098,5731.487305,5621.211426,6695.322266,5042.318359,5794.387207,4110.933105,309.102783,196.864273,343.588776,415.766327,285.489471,245.448730,202.556137,284.997711,0.000000
3519760.303523,533.614136,247.813309,627.781494,537.202698,650.349487,522.625000,583.912231,492.183044,3426.775391,2187.624512,2908.515869,2223.415283,5081.810059,4558.982422,6913.222656,3147.446289,6728.340332,5687.657715,6524.079102,7319.573242,10418.050781,8073.833008,11347.451172,6393.218750,6961.380859,3853.751221,5672.031250,5550.196777,6773.632324,5096.982910,5761.202148,3966.693359,297.855804,192.598572,349.654724,408.679596,279.690399,241.845505,193.972900,306.783966,0.000000
3519760.313523,519.951843,241.823746,632.749878,531.943726,630.093323,509.065674,630.371704,532.351318,3458.226318,2176.972412,2884.559814,2219.666748,5236.876465,4545.886719,6978.649902,3061.105469,6697.368164,5793.699707,6535.863281,7337.199707,10397.081055,7975.004395,11407.947266,6358.807617,6825.729980,3880.830078,5547.827148,5455.204590,6857.294922,5141.066895,5736.618652,3882.346924,286.049255,189.734116,347.687561,402.598083,275.252472,234.443771,201.768204,309.622742,0.000000
3519760.323523,553.738281,233.994156,659.469727,525.725403,653.294678,499.026703,714.626526,526.221985,3576.888916,2180.670166,2915.679199,2200.785156,5390.520996,4541.648926,7048.214844,2904.605225,6585.091309,5880.696777,6468.895508,7346.405762,10365.899414,7881.760254,11378.106445,6248.490723,6668.168457,3888.851562,5391.224609,5352.207031,6954.602051,5171.701172,5651.087891,3865.304932,291.052032,187.352234,330.410522,415.882599,283.419617,239.140381,242.957886,292.886780,0.000000
3519760.333523,596.546692,261.261169,621.205505,559.999146,721.459900,527.545288,895.013611,514.682617,3679.413086,2204.291260,2906.475586,2127.425293,5566.673828,4564.785645,7029.031738,2738.986328,6391.636230,5915.728516,6410.408203,7309.238770,10345.408203,7771.532227,11097.893555,6120.578613,6587.006836,3862.166260,5232.338379,5281.709473,7012.675293,5160.091309,5412.477051,3863.473389,291.550140,192.830612,327.429962,417.949341,314.940613,240.583237,252.423325,306.424988,0.000000
3519760.343523,577.769653,312.058014,599.215149,543.006348,868.767578,595.747375,909.446045,497.825134,3709.436279,2160.329102,2892.993896,2111.172363,5717.080566,4558.212402,6774.143066,2557.956055,6213.954102,5910.234863,6380.214355,7258.241211,10266.572266,7545.833008,10651.437500,5984.264648,6471.918945,3786.760742,5103.104004,5251.660156,6941.685547,5057.886230,5238.483887,3855.180664,286.913757,206.290115,327.516022,413.255707,318.654449,228.412308,277.741516,307.532349,0.000000
3519760.353523,590.854187,321.763763,578.423767,534.262329,869.875977,582.842102,927.182739,473.650116,3712.641846,2061.557129,2935.261963,2108.783691,5673.082520,4457.886230,6486.081543,2382.225098,6026.898438,5884.375000,6365.489258,7187.643066,10012.339844,7279.466797,10164.168945,5853.196289,6300.507324,3649.491455,4992.628906,5247.861816,6771.401855,4900.153320,5077.666992,3843.897217,290.780487,210.768661,317.308350,411.438446,320.826782,242.844513,285.298767,307.122223,0.000000
3519760.705590,581.148682,350.402283,559.551270,506.304382,875.974365,604.658997,908.115601,450.266235,3644.317871,1919.993164,2968.016113,2145.979492,5596.745117,4347.543945,6114.154297,2231.505615,5879.458008,5815.023926,6359.662598,7088.907227,9741.522461,6982.453613,9615.231445,5745.107910,6089.141113,3491.281738,4892.523438,5265.074707,6538.128418,4709.042480,4902.909668,3827.427246,286.774811,213.131485,315.544525,411.570190,329.910858,242.594391,272.329437,307.091492,2.000000
3519760.715590,570.938232,345.773804,583.574890,476.334412,855.774536,593.426270,856.637024,421.373566,3577.553711,1828.955933,3031.466797,2176.778320,5444.275391,4175.080566,5755.775879,2208.793213,5744.419922,5711.588867,6314.964844,6989.047852,9428.405273,6676.227051,9078.432617,5649.334473,5894.074219,3370.436523,4768.276367,5290.804199,6283.523438,4507.594727,4732.850098,3808.927979,279.861176,208.636139,300.354279,411.294708,327.287628,236.932785,262.545898,310.577728,3.000000
3519760.725590,553.390381,339.955872,591.587769,472.326721,839.567261,568.026917,807.034668,411.720764,3489.918213,1746.733887,3047.706787,2222.369873,5293.553711,4009.497803,5399.541992,2201.804443,5597.775879,5613.354492,6265.645996,6873.648438,9135.767578,6406.421875,8560.560547,5541.510742,5736.939941,3261.698242,4605.615723,5290.398926,6069.636719,4312.881836,4542.847168,3769.814209,277.969879,202.580292,307.336273,387.418243,333.465424,241.533310,253.834366,291.866608,0.000000
3519760.735590,591.193726,359.330627,614.757385,499.434387,863.559082,562.700134,768.231689,416.670837,3409.362793,1723.162109,3053.379883,2226.931396,5065.084473,3878.829590,5093.963867,2176.850830,5402.508789,5507.348145,6256.576660,6697.844238,8849.227539,6147.566895,8047.216797,5402.036621,5559.796875,3121.446289,4399.356445,5232.186523,5951.019043,4104.079590,4334.901367,3697.759521,270.038696,201.083694,312.365784,369.622925,319.165283,233.543182,242.144348,281.933838,0.000000
3519760.745590,626.748108,350.742249,635.362366,487.286255,846.427185,579.806091,725.392944,405.742584,3248.686279,1723.734131,2975.238037,2180.434082,4775.697266,3778.710938,4831.100586,2132.972900,5121.244141,5383.183105,6187.742188,6589.473633,8499.074219,5862.850586,7553.216797,5250.004395,5338.387695,2953.513428,4140.560547,5134.652344,5907.679199,3868.500244,4124.939941,3607.193115,256.599640,200.416626,300.783173,374.198303,306.050842,238.316711,228.603271,282.740967,0.000000
3519760.755590,602.166016,331.977722,609.479858,491.868927,852.187744,555.040649,674.660889,400.167145,3033.505859,1719.279663,2849.174805,2107.743164,4481.841309,3650.282715,4583.190918,2071.130859,4870.721191,5252.438965,6046.981934,6463.776855,8163.667969,5537.325684,7094.319336,5094.781250,5095.415039,2769.227783,3990.670166,5017.489746,5853.477539,3645.375732,3924.232910,3520.046875,258.546478,195.958282,302.027679,356.561340,309.038208,241.504181,213.631210,274.877899,0.000000
3519760.765590,567.769287,319.141876,597.882263,484.241394,842.556274,527.245911,658.099670,403.260040,2824.253418,1705.961914,2746.344238,2046.831421,4257.517578,3520.519287,4389.961914,2021.124390,4663.411621,5122.070312,5849.911133,6344.687500,7809.251465,5218.746094,6661.171387,4956.213867,4830.689453,2580.793945,3840.337646,4890.196777,5749.480957,3434.766357,3760.960938,3434.628906,263.604218,184.213287,333.578339,360.910461,303.043701,228.466568,218.508926,278.655396,0.000000
3519760.775590,555.244446,310.980865,684.808899,485.569000,789.861877,494.729004,651.830994,404.141602,2661.165771,1687.030029,2785.288574,1969.812866,4107.789062,3385.520752,4238.528320,1948.535034,4504.159668,4996.902832,5853.881348,6263.308594,7421.422852,4905.979004,6242.639160,4876.495605,4580.615234,2398.673828,3864.034668,4780.078613,5593.908691,3232.633057,3669.440430,3365.117676,264.393555,176.495026,330.854797,352.538391,309.678223,227.978699,239.228638,265.839600,0.000000
3519761.115125,581.043518,300.085052,717.331726,547.278809,761.645752,461.692261,715.074402,428.084839,2554.380859,1669.066772,2888.229736,1900.121704,4008.562012,3262.287598,4163.984375,1879.001831,4400.229004,4878.573242,6035.886230,6248.242188,6999.414551,4625.299316,5924.751953,4843.412109,4344.432617,2228.508789,3948.030762,4665.553223,5365.432129,3058.794189,3673.074951,3287.793701,267.924164,166.615646,320.229279,357.632172,340.683624,212.906754,250.522644,273.096863,0.000000
3519761.125125,594.972839,292.139160,711.452515,573.635681,844.789673,453.705750,749.835754,446.126526,2505.183838,1654.902100,2962.981445,1943.868652,4000.492920,3170.741699,4124.624512,1870.749634,4356.902344,4767.215820,6239.253418,6255.445312,6837.499023,4389.559570,5735.823730,4881.361328,4127.270996,2068.460449,4117.820801,4563.215332,5134.187500,2937.467041,3784.703369,3191.534912,258.409668,159.008865,313.055176,355.756226,350.109009,211.400421,244.463730,273.070923,0.000000
3519761.135125,563.416565,284.289246,669.994019,552.792419,872.985413,444.709320,731.414551,428.491241,2451.114014,1641.583008,3035.394531,2132.439209,3979.768066,3110.268311,4058.715088,1976.233032,4324.553223,4662.596191,6463.140137,6240.010742,7035.501953,4192.548340,5705.683594,4948.981445,4077.631348,2004.057373,4274.800781,4472.136230,5001.511230,2954.657227,3931.554443,3094.947266,260.318207,151.389542,311.503479,339.233124,343.971497,209.956970,235.326431,266.427185,0.000000
3519761.145125,522.411865,275.122742,640.030029,526.711243,856.462463,422.696747,685.477661,410.245575,2409.378906,1626.870117,3109.177002,2334.415039,3926.342529,3051.049316,4007.520264,2089.732178,4308.656738,4564.716797,6658.577637,6238.159668,7243.187988,4010.209717,5797.436523,5018.961914,4187.456543,2046.923706,4436.291992,4360.479492,4927.215332,2979.615723,4060.780518,3150.700195,252.519409,144.823990,302.012512,326.378693,339.325806,202.401505,227.356018,260.147156,0.000000
3519761.155125,497.973419,267.153381,637.751770,508.155518,803.274231,395.820740,651.468872,381.770996,2367.652588,1612.417480,3194.953857,2526.927490,3875.943115,2999.927734,3948.280029,2194.813477,4303.721680,4473.342285,6818.457031,6230.653320,7471.528320,3847.814941,5895.815430,5091.928223,4283.520508,2087.763916,4595.978516,4229.419434,4868.342285,2997.528564,4177.080078,3251.390381,246.119644,139.457230,307.884857,317.387756,337.455109,197.040909,218.504059,254.187897,0.000000
3519761.165125,477.118622,275.830322,632.990173,483.791260,776.062134,373.447357,632.326843,357.886688,2329.977051,1585.551758,3259.378174,2690.257568,3809.846436,2948.540771,3906.773926,2293.864014,4302.583496,4380.180176,6965.455566,6284.603027,7700.240234,3698.353516,5984.432617,5158.233887,4368.563965,2114.949707,4767.165039,4088.606934,4908.390137,3007.960938,4284.471191,3344.337158,240.210266,136.234558,299.808167,306.587982,338.101562,193.048309,210.076874,252.228622,0.000000
3519761.175125,457.145386,284.725250,658.686035,461.204437,756.927368,356.500183,615.545166,335.827148,2292.574707,1544.442017,3300.675781,2841.102295,3750.796143,2892.203125,3865.992676,2382.198486,4307.391113,4262.630371,7076.704590,6397.428711,7914.939453,3555.514893,6071.227051,5222.062988,4442.516602,2127.040283,4973.157227,3959.814209,5097.934082,3009.294189,4387.177246,3429.565430,236.895554,135.895645,292.289886,294.713013,338.962585,194.857956,200.556351,246.553925,0.000000
3519761.185125,435.090424,282.240326,671.575439,449.374908,745.462463,341.665955,610.556030,315.007629,2253.164551,1517.884155,3327.565674,2988.946533,3699.116455,2826.523193,3836.689697,2462.833252,4314.495605,4128.906250,7174.780762,6492.297852,8116.205078,3409.191895,6144.049316,5286.542480,4507.785645,2115.173828,5168.035645,3849.130127,5291.597656,2992.520264,4494.483887,3505.434570,233.032288,141.853058,281.578705,281.031860,317.701447,192.207581,191.944473,244.608444,0.000000
3519761.626203,443.652496,288.024323,695.987305,465.057770,764.416565,344.865021,610.195557,325.508759,2217.372314,1523.081177,3331.186035,3144.761963,3661.330566,2752.865234,3815.625488,2552.673584,4334.269043,3991.771729,7179.629883,6523.596191,8300.353516,3240.447754,6205.672363,5320.301270,4546.763672,2065.714600,5281.252441,3763.067627,5507.900391,2973.212646,4586.375977,3539.318848,219.937012,143.344681,276.724670,279.657745,317.537506,196.843460,181.831802,233.960876,0.000000
3519761.636203,445.562836,296.897247,671.782166,501.703583,773.429749,329.271393,597.958191,374.482635,2239.972900,1569.070923,3414.856201,3197.860596,3622.804443,2717.938232,3826.729492,2549.703369,4365.369629,3842.923828,7133.089844,6460.977051,8471.388672,3068.712402,6223.367676,5262.537598,4535.433105,1976.341797,5328.923340,3781.668213,5707.091797,2947.967773,4640.487305,3513.606445,208.148590,137.164459,266.910095,293.417450,311.047699,183.867798,178.073807,249.712631,0.000000
3519761.646203,421.388611,290.145508,644.089111,534.164429,804.508972,335.582764,577.192383,401.602600,2277.617920,1604.328979,3459.831055,3173.369385,3661.973145,2664.286377,3810.648193,2483.072998,4403.839355,3685.751953,7092.918457,6322.627930,8536.631836,3042.309326,6227.965332,5131.642578,4490.830566,1866.619263,5344.387695,3829.447021,5811.312500,2900.114014,4682.946289,3412.926758,214.910187,132.416275,266.226624,326.473358,305.017944,192.021790,175.896011,272.958252,0.000000
3519761.656203,430.880890,282.754608,632.592102,628.917114,763.892578,349.709656,573.315857,478.685089,2352.131592,1630.906494,3475.478271,3009.255615,3665.675537,2598.725342,3778.681641,2365.869873,4416.711426,3547.240479,7055.691406,6089.065430,8566.350586,3031.474609,6259.636230,4905.090820,4453.892090,1784.940186,5327.197754,3969.706543,5840.904785,2803.472900,4739.044434,3210.221924,209.369904,147.793243,258.570038,349.311615,301.822205,203.713928,175.343521,293.067322,0.000000
3519761.666203,430.531219,317.510773,598.547485,623.439453,732.983032,389.243958,531.128479,488.975494,2435.470703,1642.408447,3468.073730,2972.844238,3673.735352,2572.357422,3784.165039,2393.231201,4397.310059,3462.875488,7046.318359,5901.880859,8584.449219,3047.633789,6319.374512,4689.516113,4451.980469,1763.471069,5276.286621,4228.549316,5861.374512,2667.407227,4824.364258,3050.329834,215.122421,145.147003,244.342361,355.262024,295.049835,224.860718,166.617737,288.187592,0.000000
3519761.676203,467.087799,331.528107,584.431030,657.581116,729.549927,411.348480,537.471985,523.782410,2552.563965,1591.862183,3490.027100,3011.731445,3707.320557,2650.714355,3820.259521,2464.456299,4329.239746,3430.298096,7075.041504,5845.416016,8537.231445,3174.777832,6382.703125,4583.817383,4498.058105,1797.813110,5196.863281,4569.420410,5926.750488,2578.787598,4938.446289,2988.922852,205.256042,142.100693,238.260635,361.024506,317.334381,232.232239,165.844849,288.895386,0.000000
3519761.686203,463.270935,323.393494,583.379944,667.897034,778.863953,502.501312,541.052124,526.794434,2654.492432,1532.660767,3531.161621,3010.555176,3780.447754,2749.345215,3848.483154,2495.319336,4203.208496,3412.431641,7131.058105,5855.437988,8425.208984,3407.381592,6434.722168,4529.964355,4599.899414,1849.839355,5098.395020,4954.281738,6067.458008,2615.403564,5050.031738,3263.033447,207.206223,141.220840,252.167740,346.200775,325.713135,247.168167,160.483871,276.380463,0.000000
3519761.696203,457.146729,318.825073,633.164490,652.724915,795.393799,530.499756,560.398682,538.845764,2721.449951,1481.058105,3652.197510,2978.531006,3833.495605,2762.660645,3915.265381,2536.817627,4088.332275,3395.520996,7256.114746,5858.700684,8212.958008,3656.979980,6521.594238,4465.180176,4722.742676,1902.427368,5015.056152,5330.269531,6298.187012,2916.473877,5113.909668,3520.016113,209.405655,137.639359,242.139435,356.336060,304.591797,265.501984,191.912048,282.156311,0.000000
3519762.038779,496.304291,308.551025,615.690247,697.544922,765.363159,549.158569,648.609375,583.613342,2804.664307,1433.733032,3812.943848,2985.958984,3809.766602,2756.957031,4059.742920,2609.956055,4142.064453,3370.991455,7450.454102,5820.337402,8003.860352,3904.557861,6659.978516,4368.990234,4871.909668,1955.868164,4965.651367,5692.491211,6569.683105,3279.359375,5175.839844,3747.309082,221.723892,133.880112,244.036530,350.056183,315.344269,262.006866,197.824829,267.812744,0.000000
3519762.048779,501.017059,298.950378,591.201660,696.593201,798.841980,536.574951,663.745483,585.844727,2964.304443,1380.673096,3965.449707,3052.368164,3796.447510,2727.591553,4277.872070,2726.529785,4224.929199,3339.590332,7648.192871,5722.336426,7867.451172,4150.987305,6907.856934,4251.644531,5064.100098,2011.095093,4940.993164,6041.846680,6861.405762,3627.787354,5274.330566,3955.262451,223.263626,128.604141,241.408127,339.425690,309.689575,266.268097,193.148605,254.463577,0.000000
3519762.058779,471.658691,292.059723,563.859619,678.834045,779.775940,522.016174,646.079529,571.536621,3122.968994,1328.767944,4124.063477,3120.441895,3858.267578,2703.909668,4470.347656,2830.024902,4270.680664,3306.493896,7862.646484,5594.053223,7808.354492,4378.250488,7172.870117,4524.505371,5272.383301,2066.293213,4940.285645,6390.442871,7171.065430,3949.677002,5394.149902,4156.942383,218.564072,125.366104,244.088608,356.197021,297.317719,268.935089,197.382675,252.612762,0.000000
3519762.068779,448.188995,290.358154,537.866089,677.558472,748.803101,520.751587,615.322449,583.640320,3286.203613,1276.401245,4266.493652,3197.097412,3929.310547,2678.224609,4661.503906,2963.063477,4309.625977,3275.431641,8071.468750,5475.605957,7773.959961,4605.604492,7415.987305,4829.240723,5482.199219,2116.948975,4943.604004,6778.698242,7483.062012,4243.631836,5497.411133,4422.500977,224.068436,119.936356,248.835922,353.880890,304.893250,286.883698,202.540375,277.572021,0.000000
3519762.078779,429.118195,286.323303,525.914246,763.935730,715.293457,530.979309,617.808838,675.397705,3435.226074,1220.992188,4405.468750,3223.889893,4015.644043,2621.483643,4890.989746,3030.770020,4340.312012,3250.490723,8270.633789,5850.209473,7763.808594,4856.231445,7585.899902,5239.573730,5683.985352,2154.120117,4934.872559,7238.062012,7788.259277,4506.290039,5538.004883,4785.392090,226.421448,120.889526,253.273544,342.932861,302.690887,270.663879,206.422531,281.663757,0.000000
3519762.088779,410.876099,279.457642,507.597534,765.858337,688.346313,562.316956,639.649048,680.322815,3573.187256,1159.084961,4529.478027,3135.002686,4097.723633,2535.303711,5173.950684,2996.715088,4371.102539,3236.912842,8461.402344,6242.891113,7760.055664,5126.948242,7718.816895,5687.715820,5867.065918,2176.690674,4919.724121,7759.584961,8070.980957,4765.168457,5506.599121,5206.622070,229.774628,114.545891,259.209351,345.238617,299.865601,280.476959,209.998001,281.616486,0.000000
3519762.098779,386.171478,268.837738,488.199707,745.494690,658.654785,548.406921,647.097351,677.114502,3695.603516,1109.157959,4644.657227,3029.403564,4170.174316,2427.520752,5443.307617,2945.861084,4406.568848,3230.476807,8638.206055,6607.368164,7768.951172,5418.533691,7839.828613,6124.016113,6023.758301,2184.667480,4904.497070,8293.067383,8328.874023,5021.296387,5461.688477,5618.146973,236.729233,114.660187,262.950989,340.673615,294.887146,285.931030,204.598419,295.593811,0.000000
3519762.108779,389.481628,269.342438,469.814484,731.742859,665.936035,539.991150,642.884033,662.264404,3776.209961,1075.381470,4749.171387,2923.756104,4229.060547,2334.472168,5716.961914,2879.668213,4448.043457,3221.823975,8803.193359,6953.687500,7749.830566,5675.392578,7930.476562,6546.951660,6141.270020,2173.778076,4890.310547,8807.675781,8597.924805,5244.842773,5667.733887,6006.062500,243.179245,115.224007,265.976532,322.461823,291.977203,282.299194,204.821335,305.405853,0.000000
3519762.529640,389.884674,273.623047,451.769928,731.729919,664.263794,523.211182,619.383179,640.541077,3843.596680,1053.187988,4846.360840,2840.257080,4310.423828,2236.287598,5956.574707,2819.090820,4481.033691,3205.914062,8954.561523,7271.306641,7704.351074,5908.505859,8018.250977,6932.724609,6224.724609,2133.628174,4878.245605,9293.118164,8874.675781,5437.852051,5881.860840,6367.232910,248.498856,111.594299,269.111450,322.429047,280.463501,291.922150,205.548645,313.286804,0.000000
3519762.539640,389.038391,274.240387,440.422302,726.430054,668.151428,497.721161,593.539062,630.917297,3905.839111,1016.604675,4934.769531,2767.639404,4399.173828,2131.653564,6180.255371,2753.264160,4514.154297,3178.508057,9090.112305,7561.443359,7644.175293,6105.756836,8093.518555,7292.594727,6292.123535,2089.373291,4865.858398,9744.174805,9140.043945,5603.618652,6083.829590,6700.625488,248.624680,116.975151,273.071228,325.278717,279.778137,290.983856,205.768311,324.045380,0.000000
3519762.549640,383.209290,275.288361,496.177521,726.187622,645.195801,494.124725,589.345154,634.881165,3972.044922,981.399719,5053.062988,2699.816895,4505.749023,2014.223999,6384.159668,2693.091309,4542.645508,3156.996094,9160.626953,7823.990234,7564.302734,6282.945312,8146.742676,7612.779785,6341.521484,2130.364502,4788.654297,10161.812500,9390.978516,5745.450195,6279.198242,7015.371582,253.454865,118.512230,272.117706,332.017517,275.166473,290.148071,216.465073,327.015076,0.000000
3519762.559640,403.227661,271.769745,604.525879,751.344360,636.309753,489.374207,626.911804,646.982605,4055.811523,948.981506,5066.407715,2670.349121,4607.995117,1904.144043,6594.370117,2643.883057,4537.469238,3149.718018,9065.652344,8053.772949,7478.946289,6446.309082,8148.322754,7892.088867,6343.650391,2155.954834,4568.470215,10504.556641,9619.877930,5876.549805,6419.836914,7294.824707,262.862854,118.316414,278.639343,320.739380,267.989777,294.043152,217.012711,346.892365,0.000000
3519762.569640,469.203308,262.491394,603.354614,848.845703,690.152222,490.922272,717.470581,708.696228,4127.049805,914.441223,4953.707031,2648.176270,4763.723633,1810.270630,6718.212402,2610.500000,4456.831543,3149.110107,8931.063477,8160.032227,7341.172852,6605.626465,8010.314453,8085.542480,6264.077637,2173.102783,4256.979492,10716.650391,9762.985352,5987.855957,6435.092773,7498.487305,255.102356,115.666451,304.577545,321.004822,286.056030,295.181763,225.679291,348.930786,0.000000
3519762.579640,461.930328,247.667130,615.961914,840.486450,800.213379,507.973816,695.999268,691.414368,4105.550293,884.080078,4801.397949,2565.338135,4906.493652,1720.516602,6710.558105,2528.852295,4297.025391,3152.336426,8762.705078,8162.251953,7052.722656,6752.231934,7827.185059,8194.661133,6115.019531,2187.581543,3970.292236,10828.406250,9743.827148,6062.420898,6352.041016,7637.082520,243.043518,114.532059,294.012970,342.468475,297.003998,299.672302,237.428116,341.307495,0.000000
3519762.589640,448.262054,239.720825,584.611267,818.208801,780.834473,493.360931,675.798584,667.580017,4065.194824,851.910217,4613.375488,2494.016846,4923.303223,1618.660156,6670.477539,2445.313232,4126.446777,3158.725342,8582.253906,8128.292969,6764.019043,6867.832031,7629.527344,8274.699219,5966.354492,2200.687012,3762.014404,10895.363281,9607.125977,6108.763672,6281.105957,7739.803223,240.130890,113.196762,288.363861,340.061310,295.869751,298.503998,231.551117,353.899567,0.000000
3519762.599640,443.977844,233.435135,562.713135,796.912292,761.680237,469.758759,651.884094,651.401917,3982.503418,822.220764,4432.664062,2410.979248,4914.448730,1528.726685,6588.736328,2348.830566,3961.791260,3163.826904,8408.565430,8051.437012,6474.569824,6974.093750,7417.460938,8321.356445,5855.187500,2214.241211,3561.833496,10933.989258,9452.352539,6138.405762,6255.962891,7814.766113,232.043686,112.724144,277.776184,336.727783,299.777618,297.717102,228.237305,359.004608,0.000000
3519763.092640,441.177216,230.076630,543.747375,775.463379,755.820068,455.045380,644.986633,637.789001,3878.414795,791.311096,4246.257812,2333.632324,4828.082031,1438.576050,6493.652832,2253.191162,3829.880371,3160.526123,8218.218750,7984.588379,6208.227051,7063.047363,7199.360352,8369.125000,5793.543945,2230.779053,3362.020996,10965.624023,9325.674805,6154.097656,6225.280762,7857.760254,246.721268,114.412544,277.466309,332.897736,303.469788,302.459747,242.020721,374.761597,0.000000
3519763.102640,490.628204,221.142487,511.487183,776.952698,748.936829,436.742188,667.441345,615.317017,3711.200684,750.890747,4098.017090,2267.412842,4707.776367,1363.824707,6354.202637,2215.360840,3761.236816,3135.162598,8059.305664,7916.099609,5981.677734,7132.808105,6931.132324,8456.411133,5781.911133,2257.857910,3203.783936,11015.309570,9254.692383,6310.838379,6149.832031,7854.314453,252.168442,116.937828,261.508057,334.482910,305.414795,311.462006,246.750122,387.892181,0.000000
3519763.112640,489.674530,244.465027,533.172729,774.721619,782.952087,461.939850,645.085449,628.329041,3578.869141,732.189331,3976.618408,2204.078613,4531.568848,1395.422485,6251.267090,2218.125732,3757.342529,3074.264160,7964.645508,7849.042969,5787.295898,7207.091309,6664.388184,8590.837891,5820.465332,2277.107910,3107.734131,11066.243164,9247.339844,6588.923340,6043.683594,7809.479980,252.445084,116.142181,259.742859,347.652008,294.123260,321.800385,246.829575,397.162689,0.000000
3519763.122640,474.848114,275.923737,537.283997,755.626221,790.660400,473.206879,619.710144,638.416443,3476.755615,754.489502,3824.096191,2148.181396,4359.648926,1380.408936,6151.821777,2225.286865,3777.993408,2963.885010,7922.610840,7786.728027,5621.417969,7320.178223,6399.618652,8727.119141,5864.477051,2284.465576,3073.267090,11102.938477,9251.816406,6885.703125,5948.606445,7753.775391,253.983627,133.201859,261.354645,348.412781,278.390564,328.504761,249.154449,399.974487,0.000000
3519763.132640,452.173035,291.494934,525.722473,733.791382,806.746216,515.378296,586.213196,637.711121,3413.293701,795.892029,3665.039795,2054.076172,4119.876465,1426.427368,6078.109863,2249.939453,3830.080566,2837.518311,7892.620117,7693.379883,5420.951172,7401.556641,6133.578613,8872.327148,5891.125488,2274.817871,3060.850830,11138.585938,9192.261719,7137.590332,5878.773926,7700.360352,258.134735,139.436005,252.034302,353.492981,274.847229,332.584442,253.659241,404.261414,0.000000
3519763.142640,435.232422,296.311218,519.979614,720.273193,751.747192,519.910767,561.380432,636.226990,3367.428711,860.253906,3514.893311,1956.768799,3908.098145,1502.314697,6011.614746,2274.820557,3894.795410,2917.559082,7863.810059,7587.921387,5261.989258,7471.872070,5876.314941,9008.165039,5908.835938,2249.543701,3057.120361,11181.504883,9086.171875,7341.736328,5815.072754,7654.407715,259.199707,157.297638,240.852234,358.260834,277.388489,326.474487,256.194794,411.858948,0.000000
3519763.152640,411.743530,303.811646,518.487854,743.613953,705.188904,524.150085,579.105713,646.244934,3322.284668,913.245667,3419.343018,1846.907227,3718.841064,1588.034790,5998.309570,2287.753174,3961.923828,3026.523682,7807.208008,7508.333984,5116.943359,7521.537598,5827.754883,9132.823242,5919.072266,2225.035156,3068.082275,11209.854492,8969.825195,7540.670898,5724.683594,7599.800781,256.750854,155.762863,229.796310,354.545807,263.565887,331.878448,254.032455,400.895782,0.000000
3519763.162640,401.687256,346.685608,488.319489,742.672974,719.725952,532.321106,568.897278,633.712769,3267.159912,905.443481,3330.891602,1770.187744,3601.104736,1667.483154,6027.750977,2348.967529,4023.066650,3102.311279,7755.257324,7383.875488,5011.982910,7566.563477,5987.388184,9189.036133,5926.663574,2216.862061,3093.666504,11175.459961,8827.821289,7720.343750,5590.799805,7492.117676,257.857269,148.922272,231.984177,364.033325,276.937469,339.097382,262.735870,400.136536,0.000000
3519763.569086,403.624542,353.326019,503.557434,750.467773,738.941895,549.423584,550.451599,666.996643,3203.773682,874.986328,3295.940674,1776.314209,3560.137695,1822.571289,6021.018555,2491.803955,4094.572266,3101.143311,7661.497559,7159.039062,5016.396973,7572.589355,6079.092773,9149.058594,5918.781250,2260.086914,3150.524414,11050.764648,8640.448242,7830.242188,5416.787598,7297.366211,264.435608,156.968262,231.946884,355.669556,282.882111,345.323730,270.469238,406.982361,0.000000
3519763.579086,445.238770,334.379730,500.099182,782.718750,747.648987,620.817139,531.491394,690.788391,3098.166260,887.924194,3263.365234,1772.410034,3487.649414,2066.882080,5987.491211,2591.093262,4212.703125,3055.286621,7557.890137,6928.890625,5109.115234,7440.249023,6148.832520,9119.449219,5855.122070,2334.217529,3238.007568,10835.011719,8392.628906,7847.721680,5447.555664,7028.916016,258.054169,168.024429,230.992920,337.065704,279.745697,324.342346,262.700836,391.814972,0.000000
3519763.589086,433.921997,333.055847,539.395508,749.958252,774.929443,650.544739,519.297729,680.259766,3051.960205,925.160278,3276.442139,1720.086426,3296.894287,2247.391846,5942.593750,2646.690918,4347.604492,2983.565186,7425.101562,6770.866211,5195.244629,7207.143555,6205.482422,9119.271484,5741.411621,2418.066895,3280.136475,10566.534180,8079.597656,7785.495605,5506.895020,6731.486816,264.135620,165.747589,224.920593,348.644165,273.896820,346.072601,263.404602,399.737274,0.000000
3519763.599086,436.878601,323.460144,568.003296,719.288208,748.425232,647.715210,539.703857,656.451782,3033.594238,960.524963,3324.730469,1642.184204,3125.891357,2372.856201,5914.401855,2685.057129,4455.249512,3011.883301,7202.879883,6659.013184,5224.684082,6965.751953,6256.051758,9127.200195,5593.867188,2507.149902,3231.991455,10278.878906,7737.911621,7653.032715,5527.773926,6441.167480,250.776993,166.748611,237.528717,330.147888,288.801849,354.466400,248.278275,387.471771,0.000000
3519763.609086,476.899658,318.939789,545.073975,717.572144,720.993591,649.683411,608.111145,657.974426,2954.438232,994.405945,3337.917480,1607.388550,3020.514893,2445.179688,5792.870117,2766.523193,4484.145508,3078.418213,6975.155762,6546.231934,5201.383789,6707.007324,6188.779297,9103.004883,5425.626953,2593.463623,3134.250977,10006.133789,7382.552246,7457.065430,5440.392090,6193.038574,242.017258,164.447037,233.900833,319.990143,285.886871,343.840240,253.502411,383.518250,0.000000
3519763.619086,463.232819,311.115082,546.852112,675.966919,731.552795,614.906433,602.412903,636.008057,2832.408203,1030.346558,3361.016113,1613.082031,2904.649414,2469.414551,5587.167480,2846.812256,4454.406738,3141.902588,6724.659180,6396.988281,5275.591797,6487.491211,6039.177246,9012.463867,5260.078613,2675.328613,3012.824463,9762.900391,6989.882324,7248.830566,5265.440918,6006.546387,251.140976,166.424286,229.589050,329.420471,272.688721,336.250000,253.743546,398.599792,0.000000
3519763.629086,460.855774,300.657959,544.619019,671.963684,706.481506,594.020264,607.959473,634.031799,2701.368164,1067.621094,3350.234863,1672.935547,2751.934814,2493.405273,5362.288574,2930.988037,4381.823242,3201.498535,6450.749512,6223.095215,5300.106445,6272.240723,5861.818359,8880.809570,5072.448730,2754.852051,2913.427979,9509.833984,6571.945801,7061.081055,5090.708984,5847.801758,246.650314,164.454803,252.187256,322.953522,287.908203,323.116638,261.142578,375.934204,0.000000
3519763.639086,500.053619,305.659912,526.191284,746.143127,706.827881,601.689575,577.253357,694.705383,2639.237549,1107.525513,3289.338623,1811.610474,2596.975586,2536.214600,5151.077148,3008.774902,4229.801270,3269.921631,6197.463379,5957.578125,5252.581055,6039.513672,5676.665527,8653.373047,4826.623535,2839.643555,2930.084229,9227.180664,6176.572754,6860.347168,4948.284180,5691.296875,236.632050,172.975677,258.537903,331.987366,287.380554,351.292023,255.298386,372.775848,0.000000
3519763.993234,511.464233,317.050140,571.458252,782.399231,748.763855,673.377075,562.980225,692.216858,2650.876709,1118.131592,3159.535645,1901.311035,2512.644043,2572.558838,4945.016113,2970.234863,4014.664795,3364.465576,5972.822266,5555.771973,5319.532227,5710.510254,5502.946777,8361.143555,4522.219238,2933.708984,3046.450684,8983.169922,5894.395996,6600.557617,4806.347168,5585.669922,259.227509,176.265793,267.787659,323.073792,288.455017,349.264526,244.196625,366.546326,0.000000
3519764.003234,574.866272,301.324219,593.374512,740.448242,751.785583,703.540649,541.987061,657.554443,2734.004150,1113.491455,2984.444336,1893.632324,2471.550293,2506.095703,4744.167969,2904.748535,3757.208740,3467.518066,5855.968750,5199.323730,5546.364746,5314.724609,5306.997559,8104.207520,4230.145020,3021.945801,3128.971680,8792.405273,5725.708008,6314.396484,4655.407227,5515.168457,258.293732,181.833664,270.027740,314.339081,300.084167,325.366241,251.386398,358.655823,0.000000
3519764.013234,578.966248,300.011230,577.258118,695.179932,796.121338,677.644836,516.680420,622.547241,2878.416016,1121.328857,2858.139893,1869.710815,2492.254150,2386.730957,4561.826660,2853.362793,3549.381592,3561.189941,5782.900879,4891.189453,5814.183105,4998.883789,5124.205566,7873.641602,4042.896484,3100.615723,3229.138916,8623.112305,5619.242188,6019.819824,4512.043945,5453.281738,245.765503,191.540024,257.649689,304.630859,298.623962,328.593018,241.422836,347.016205,0.000000
3519764.023234,556.504150,293.172180,547.289673,669.739441,777.976624,652.520630,493.793762,594.828613,3005.632080,1135.407837,2756.088379,1831.179443,2556.154053,2262.880615,4394.195312,2804.241455,3606.324707,3642.349121,5730.281738,4618.973145,6152.539551,4741.169434,4934.867188,7658.469238,3899.611572,3171.671143,3378.649902,8457.313477,5571.880371,5709.395020,4381.163086,5393.580566,241.132477,194.566162,257.741364,294.880493,294.313232,325.050781,235.854279,331.188751,0.000000
3519764.033234,524.745605,284.880310,517.010254,636.768616,741.028259,606.909851,462.332947,565.062317,3140.765625,1147.580811,2671.615234,1798.140381,2604.080566,2129.965820,4248.157715,2762.051025,3931.899414,3713.158691,5691.823730,4374.632324,6486.431152,4525.291504,4757.856445,7463.870605,3769.629150,3237.871826,3515.728760,8303.907227,5541.235352,5407.460938,4261.146484,5343.272461,232.944031,199.657883,257.226044,284.771484,280.200623,316.595428,233.612961,321.717255,0.000000
3519764.043234,497.657257,276.694519,489.906189,607.917725,700.023865,566.663757,430.020203,540.786438,3260.847656,1158.487671,2597.572510,1768.883545,2662.027344,2010.170044,4114.226562,2719.591797,4242.663574,3777.107910,5652.463379,4145.032715,6813.557129,4598.476562,4589.061035,7283.849609,3649.233643,3301.624023,3639.722412,8166.562500,5495.386230,5134.839355,4152.239746,5302.198730,226.715469,205.050552,255.853653,276.472443,272.082947,308.487854,229.665207,313.440674,0.000000
3519764.053234,484.520355,271.928680,470.193939,582.697021,665.900024,528.183533,400.126740,517.683716,3380.527344,1165.986206,2534.008301,1741.005371,2712.063965,2053.587158,3993.585693,2676.446533,4531.104980,3834.656006,5608.252441,3929.434082,7123.157227,4665.476562,4431.389160,7116.925293,3530.676025,3362.717285,3764.153076,8041.848633,5446.832520,4886.590332,4052.603271,5266.215820,219.647644,209.383896,261.882080,273.358398,262.516541,299.668579,226.279678,304.644928,0.000000
3519764.063234,470.673706,266.770325,485.064301,561.308655,646.644958,499.934326,375.504974,492.255310,3490.667969,1172.479736,2585.671143,1717.187622,2766.818848,2094.943848,3882.685303,2633.851562,4799.356934,3887.297607,5523.358887,3732.125000,7408.743164,4745.244141,4282.743164,6957.785645,3419.745117,3419.650879,3916.797119,7925.725586,5405.449219,4771.550781,3958.157715,5235.599609,212.181702,213.386230,266.090607,272.194580,254.970551,293.876099,223.182968,295.000366,0.000000
3519764.424143,458.081024,261.726685,475.856934,533.530457,622.529846,477.290466,352.782043,475.848511,3601.242676,1172.275391,2604.106689,1699.124756,2814.823242,2115.841553,3784.200439,2601.291260,5039.354492,3947.221924,5426.180664,3554.243652,7677.101074,4868.522461,4169.074707,6802.553223,3325.087646,3463.342529,4084.479004,7810.762695,5372.250977,4894.534180,3868.578613,5212.473145,205.600937,210.476486,257.893585,268.378235,250.142426,295.895477,220.297058,289.396210,0.000000
3519764.434143,445.947937,246.306244,465.974823,505.080231,597.872620,451.042511,334.086304,465.314606,3706.979980,1153.858643,2606.732422,1683.296021,2857.046631,2148.613525,3695.332031,2575.861328,5256.677246,4019.380859,5318.953613,3393.609863,7927.754395,4979.100098,4157.596191,6652.517090,3277.382080,3487.096680,4241.815430,7702.607422,5348.763672,5036.357422,3787.637207,5191.432129,203.885803,225.365234,261.556061,271.087433,245.726212,278.292267,217.752975,282.858215,0.000000
3519764.444143,422.517273,252.782852,442.763123,480.097443,573.678284,448.297211,311.980835,448.741119,3812.794678,1132.864990,2596.877930,1667.544434,2888.278809,2192.187256,3617.451904,2563.604004,5446.826660,4112.399902,5205.834473,3253.702393,8164.930664,5086.663086,4142.356445,6502.796387,3287.492432,3481.799561,4386.056641,7608.490723,5335.707520,5192.047852,3716.093018,5169.640625,200.823837,225.777817,263.790833,270.950531,238.903000,279.983612,215.442230,275.843079,0.000000
3519764.454143,405.911194,270.922974,419.372101,459.937500,558.395569,445.421265,291.689240,431.455566,3908.300293,1113.055786,2591.589355,1645.624023,2910.855957,2272.970459,3545.168213,2552.524170,5618.601074,4231.042969,5275.722656,3222.056152,8392.410156,5166.027832,4127.457520,6361.088867,3300.867188,3443.282715,4530.827148,7525.367188,5331.027832,5361.515137,3650.921631,5147.946777,196.818817,225.574066,254.011887,269.087372,232.956909,278.297699,213.010284,269.009460,0.000000
3519764.464143,421.674377,273.939941,404.686523,434.819092,542.654358,425.735474,296.108124,424.978607,4025.428711,1087.082764,2575.762207,1626.630737,2932.462158,2344.625977,3505.368896,2575.921143,5759.467285,4350.972656,5427.194336,3249.553467,8604.576172,5223.237305,4114.814453,6214.633301,3305.093018,3394.573975,4676.954590,7444.423828,5328.834473,5527.309082,3564.862305,5123.292969,184.232101,230.671280,258.437286,276.397461,229.262772,272.350342,202.488281,258.170898,0.000000
3519764.474143,463.424805,282.760925,400.458771,417.364014,559.533325,436.843414,308.235809,463.859344,4104.509766,1073.067627,2551.440918,1616.865356,2977.848877,2454.020508,3468.390381,2614.733398,5813.218750,4459.046875,5567.430176,3285.558594,8782.775391,5284.913574,4061.958252,6009.807617,3304.232422,3337.386230,4819.526367,7351.629883,5350.369629,5637.665527,3446.745117,5076.155762,176.446228,221.613922,266.441589,265.930481,238.740952,262.690094,204.465622,258.062561,0.000000
3519764.484143,492.061859,314.535278,405.296265,397.516968,590.905457,473.749847,329.686066,475.198181,4164.057617,1068.397827,2550.284668,1607.976196,2982.819824,2511.600098,3439.999268,2628.388428,5843.194824,4518.464355,5690.368652,3325.367676,8872.691406,5266.557617,3997.804688,5795.611328,3285.203613,3350.520752,4954.333496,7257.254883,5404.530762,5657.033691,3309.438965,5025.685059,176.763565,213.610992,252.126389,255.792618,233.882538,252.935745,206.303665,253.616302,0.000000
3519764.494143,532.125122,305.798218,456.209045,404.255615,614.489136,473.309052,351.032654,488.792542,4200.103027,1022.889038,2644.526611,1607.547485,2981.391113,2520.585449,3404.589355,2656.823730,5818.314453,4515.905762,5798.839355,3393.961670,8945.386719,5206.458496,3906.577148,5596.738770,3221.176025,3519.375488,5055.645996,7133.229980,5467.661621,5632.643066,3185.447266,4991.219727,187.189072,231.761154,261.578369,266.133331,218.716507,249.368484,199.509155,266.127655,0.000000
3519764.951376,543.536438,292.109009,446.634125,403.388611,633.396606,484.386444,366.577911,521.224609,4202.187500,957.260132,2771.457275,1617.230469,2965.653320,2500.189453,3367.734375,2726.368652,5761.878418,4497.060059,5972.479004,3466.748047,8956.631836,5126.541504,3818.058105,5427.696289,3182.182617,3702.671387,5140.060059,6990.507812,5567.280762,5604.240234,3093.163330,4964.171387,189.813522,226.728745,262.717102,255.958206,217.956421,246.253677,194.860138,272.490173,0.000000
3519764.961376,554.294373,315.017548,424.195892,405.411682,599.357422,455.873749,377.001068,497.639130,4199.055176,992.325928,2868.953125,1638.272827,2902.150635,2458.325439,3346.709229,2792.763672,5727.900391,4450.164062,6149.853516,3511.041016,8916.279297,5014.806641,3768.572510,5248.522461,3188.596436,3866.327637,5224.774414,6871.323730,5692.028809,5588.144531,3011.583252,4977.212402,197.837708,237.453735,248.726288,273.686890,220.589050,249.038910,198.056320,271.373077,0.000000
3519764.971375,588.104858,349.160706,427.983459,517.008911,577.455444,441.804382,428.252380,554.933105,4218.064941,1056.969116,2958.535156,1768.474609,2861.841064,2404.937988,3368.244141,2770.385498,5722.888184,4349.589355,6274.536621,3462.585449,8902.012695,4863.143066,3753.379639,5023.112793,3176.218506,3986.078613,5348.445801,6770.435059,5792.273438,5630.212891,2904.056641,5041.346191,186.829605,253.672638,271.170837,276.719574,244.489868,268.451691,200.099197,284.134552,0.000000
3519764.981375,603.669250,378.128723,486.983398,566.240906,591.883301,538.420776,469.101562,575.150696,4271.613281,1120.222290,3149.508301,1912.682617,2862.730957,2457.517822,3443.768799,2693.577393,5792.278320,4243.263672,6315.663086,3330.429199,8935.376953,4606.083496,3846.301025,4738.497559,3111.019531,4081.081543,5560.986816,6706.640137,5884.310547,5772.386719,2786.453369,5155.747070,210.132263,256.532654,270.364075,284.740540,233.313293,266.136261,213.115479,295.367401,0.000000
3519764.991375,668.014709,400.842560,523.651001,619.316528,589.202332,582.631226,494.857361,567.506287,4388.002930,1230.168335,3378.183105,2067.745850,2871.838623,2584.791504,3530.508301,2643.276367,5917.599121,4142.710449,6445.574707,3147.625000,8990.941406,4732.320312,3998.050537,4442.029785,3103.269531,4212.926270,5861.651855,6617.252930,5985.445801,6005.449219,2757.197021,5285.042969,226.445618,276.220459,275.545898,290.739960,233.936554,285.716766,235.197388,292.162842,0.000000
3519765.001375,678.241455,492.136230,524.749878,603.548706,632.124756,668.500610,505.694855,575.681091,4516.650391,1419.934082,3510.829346,2215.244141,2939.457031,2770.403320,3624.115723,2604.436768,6159.648926,4122.047363,6658.436035,2913.484375,9064.723633,5138.188477,4228.325684,4280.345703,3230.449707,4422.432129,6212.419434,6474.188965,6097.432129,6232.972168,2822.505127,5421.156738,219.165787,276.495056,291.273438,310.939789,231.961624,281.063446,238.301620,285.956512,0.000000
3519765.011375,644.059326,534.138977,523.065552,627.167053,605.518921,663.964600,499.711792,554.828491,4576.064941,1692.447632,3578.694824,2402.413574,3054.896729,2976.971680,3649.863525,2534.522949,6432.298340,4203.887207,6864.233398,3081.756836,9197.566406,5608.524414,4492.843750,4173.796387,3486.859375,4719.969727,6585.765137,6342.487305,6240.357910,6422.324707,2945.481201,5582.995117,227.949249,281.974457,301.406219,311.579285,224.612854,282.588440,229.558151,295.456146,0.000000
3519765.021375,615.817627,499.836151,522.301392,638.082214,590.748901,677.788025,493.543121,539.637024,4616.152832,1922.057007,3629.600342,2562.653320,3196.843018,3206.822266,3640.439697,2454.401855,6690.048340,4314.842285,7056.546875,3244.258789,9335.805664,6057.607422,4737.333496,4059.661133,3742.406738,5037.898926,6960.152344,6260.740234,6392.611328,6552.058105,3091.840332,5807.178223,235.560867,288.976715,296.657227,317.207184,227.504990,282.193542,216.332062,300.137054,0.000000
3519765.396597,589.784729,476.784576,510.184784,636.305908,578.751343,666.755371,475.269958,534.843567,4650.168945,2140.911865,3681.476318,2693.034912,3322.515625,3424.488037,3636.968262,2368.072998,6929.720215,4444.445801,7223.768555,3416.457275,9466.289062,6537.855957,4955.639160,3936.463867,3984.975586,5319.390625,7328.775879,6217.727051,6539.859375,6613.150391,3236.844971,6031.285645,239.034454,281.447937,307.656555,304.367462,228.733612,279.292755,204.636063,298.805847,0.000000
3519765.406597,617.170044,459.611725,508.485474,625.016113,564.889038,647.754272,486.501953,532.544861,4721.829590,2329.612793,3736.080322,2788.491211,3440.233643,3609.571777,3664.399414,2307.338135,7109.560547,4584.655273,7371.615234,3784.325439,9585.255859,7003.315918,5125.074219,3846.818115,4238.062012,5564.403320,7685.820312,6211.201660,6680.623047,6665.069336,3396.326904,6258.563965,270.218842,286.224731,300.980927,313.111359,228.067963,281.587158,210.168427,320.591583,0.000000
3519765.416597,626.797058,435.935059,531.438965,660.417542,585.992249,656.227539,503.307831,638.735962,4761.251465,2494.744141,3789.668701,2924.954590,3556.453369,3764.313232,3708.657959,2185.069580,7280.217285,4724.305176,7506.387207,4082.383545,9668.335938,7442.354004,5233.801758,3882.597656,4500.406738,5782.096680,8043.952637,6192.130371,6842.521484,6752.099609,3699.345947,6458.976074,277.848175,296.917816,306.916748,304.388977,218.943161,289.728851,233.257599,320.437775,0.000000
3519765.426597,673.382141,429.975922,531.730469,662.055054,600.018127,668.028015,556.021362,664.219543,4801.784180,2641.115723,3826.181152,3233.143555,3649.135742,3917.303711,3769.083252,2091.778076,7413.788086,4871.806152,7640.168945,4402.712891,9736.729492,7854.302734,5278.333984,3994.964355,4818.362305,5953.374023,8383.806641,6107.895508,7019.311523,6817.501953,4118.137695,6650.280273,305.657837,287.244141,287.602386,303.109253,223.533722,280.101257,259.498505,321.986115,0.000000
3519765.436597,647.461975,435.016602,570.790771,625.069092,633.840332,662.289795,535.628418,692.205872,4771.089844,2777.164062,3912.318848,3502.044922,3683.415283,4045.057373,3751.182617,2018.229858,7580.095703,5023.661621,7702.750000,4760.211914,9749.415039,8202.561523,5352.605957,4102.081055,5174.260254,6098.228516,8650.381836,5977.012695,7237.857422,6850.636230,4602.345703,6829.264160,313.218567,283.938995,281.603210,309.896484,245.405777,279.343201,265.503052,320.909119,0.000000
3519765.446597,637.118591,450.766785,553.117554,616.955811,609.839294,677.390320,571.416382,771.883545,4765.267090,2907.221436,3960.381348,3709.651367,3690.328857,4193.399414,3667.623779,1953.631226,7739.717773,5197.541016,7772.267090,5092.656250,9791.839844,8545.506836,5509.341797,4144.181641,5492.293457,6265.505859,8847.504883,5815.734375,7485.405273,6920.829102,5130.419922,6938.438965,304.461945,296.585999,288.980438,306.632111,251.328262,274.415588,263.895630,316.351746,0.000000
3519765.456597,610.379456,533.452698,524.118896,588.260742,598.727905,728.057617,593.970215,778.554688,4774.285645,3003.647949,3986.863281,3912.499023,3714.094482,4380.919922,3652.272461,2034.347778,7860.636719,5391.612305,7851.089355,5358.742676,9845.753906,8900.777344,5711.547852,4062.037109,5765.854004,6463.089355,8999.507812,5626.219238,7723.422852,7060.757812,5685.516602,6941.972168,315.758209,307.920715,279.109985,303.755432,249.919708,276.066803,258.289886,310.214478,0.000000
3519765.466597,572.161194,560.234436,505.470642,553.163574,583.491333,751.524719,566.070862,750.505005,4785.535156,3191.729492,3992.821289,4130.782715,3724.398193,4583.255371,3684.101562,2151.674316,7949.809082,5657.145508,7936.288574,5578.064941,9893.581055,9274.836914,5916.269531,3898.843506,6012.168945,6680.013672,9116.186523,5414.870605,7964.582031,7292.107910,6251.153809,6900.083008,323.305847,316.596313,273.291351,318.528534,249.470444,274.774658,256.746613,336.548309,0.000000
