3440735.793960,0.333576,0.324520,0.289848,0.204958,0.162679,0.136561,0.145830,0.158701,1.247367,1.174300,1.239176,0.657649,0.636717,0.442286,0.454150,0.510413,2.475710,2.142870,1.799653,1.774481,1.472105,1.753907,1.953872,1.953810,0.605866,0.593465,0.636402,0.410651,0.391404,0.458323,0.421032,0.449478,0.045946,0.042783,0.037216,0.041498,0.033302,0.044135,0.046003,0.048770
3440735.803960,0.325016,0.313242,0.286016,0.191587,0.151756,0.134501,0.141420,0.154556,1.259265,1.183649,1.256826,0.673482,0.642992,0.425053,0.479914,0.486979,2.493061,2.175834,1.804242,1.777694,1.474268,1.755036,1.951384,1.942229,0.594573,0.592390,0.635565,0.410788,0.387380,0.450060,0.410974,0.443637,0.047550,0.039913,0.037482,0.039678,0.034273,0.043659,0.045862,0.049041
3440735.813960,0.324805,0.302775,0.284395,0.193208,0.141693,0.132664,0.146695,0.159330,1.278390,1.192308,1.275867,0.693908,0.648805,0.409114,0.506769,0.489525,2.500944,2.206286,1.806145,1.777685,1.476308,1.756140,1.933659,1.914580,0.586876,0.591356,0.632309,0.414933,0.383664,0.442353,0.406960,0.442918,0.050727,0.037298,0.037961,0.039516,0.035140,0.043166,0.045409,0.048133
3440735.823960,0.325093,0.299873,0.283958,0.193937,0.143003,0.135839,0.147068,0.159427,1.296520,1.206799,1.295103,0.712414,0.661742,0.431846,0.527529,0.511589,2.502022,2.235715,1.803382,1.777745,1.467634,1.742100,1.910018,1.882977,0.582352,0.592111,0.625180,0.418841,0.390504,0.444709,0.414615,0.444069,0.049905,0.036734,0.038727,0.040243,0.034734,0.043575,0.044608,0.046268
3440735.833960,0.325056,0.298300,0.281513,0.193604,0.141749,0.136855,0.146214,0.158093,1.312680,1.221409,1.311330,0.730020,0.672351,0.454274,0.546786,0.532207,2.500569,2.264051,1.798558,1.780738,1.454307,1.723037,1.883157,1.849989,0.578893,0.591990,0.616269,0.419187,0.402267,0.449730,0.439520,0.441884,0.049893,0.037289,0.038612,0.039076,0.033123,0.042926,0.041948,0.043349
3440735.843960,0.320166,0.296854,0.278228,0.191731,0.139933,0.136086,0.143298,0.156614,1.325226,1.234802,1.327781,0.746922,0.681200,0.476112,0.564636,0.553462,2.494232,2.291017,1.794841,1.787919,1.440591,1.700848,1.854861,1.818170,0.571168,0.591181,0.612844,0.414912,0.414687,0.452525,0.458040,0.437417,0.048927,0.036862,0.038708,0.038505,0.031209,0.040462,0.042176,0.043131
3440735.853960,0.311987,0.297435,0.270131,0.180547,0.139357,0.135141,0.137262,0.148088,1.336918,1.250105,1.350725,0.764203,0.691516,0.498755,0.583268,0.575253,2.484277,2.312940,1.797965,1.803743,1.428828,1.679251,1.820839,1.781784,0.559940,0.590205,0.630557,0.408576,0.425137,0.450662,0.477090,0.436103,0.049348,0.035735,0.037679,0.036699,0.030149,0.039996,0.040073,0.040914
3440735.863960,0.309922,0.290628,0.263004,0.181061,0.133312,0.127856,0.139489,0.147009,1.343919,1.267878,1.375836,0.772445,0.704406,0.523724,0.590573,0.588097,2.469064,2.327338,1.800864,1.827666,1.416520,1.653390,1.776838,1.739103,0.549027,0.591630,0.653958,0.405761,0.435575,0.444582,0.501986,0.439907,0.050971,0.035177,0.039916,0.036224,0.029245,0.038078,0.038984,0.039434
3440736.034747,0.311947,0.283842,0.267183,0.188150,0.127563,0.128240,0.148319,0.155684,1.351392,1.285330,1.391481,0.780508,0.717639,0.540308,0.598265,0.602062,2.450741,2.336547,1.793808,1.853049,1.404752,1.619753,1.731789,1.696365,0.545002,0.598015,0.683216,0.410527,0.448804,0.453061,0.529648,0.462122,0.052266,0.034837,0.046410,0.037699,0.029099,0.037467,0.039843,0.039748
3440736.044747,0.328810,0.283004,0.279887,0.200468,0.131071,0.135878,0.158585,0.164934,1.342250,1.304943,1.404376,0.772861,0.735418,0.557884,0.592584,0.599526,2.407215,2.334358,1.784593,1.888138,1.393640,1.585604,1.668492,1.635585,0.563164,0.612560,0.704643,0.429790,0.467312,0.480525,0.556799,0.483448,0.055731,0.036527,0.049615,0.040083,0.029022,0.037704,0.040961,0.041385
3440736.054747,0.343593,0.296705,0.297988,0.214745,0.138375,0.145581,0.166844,0.171526,1.327894,1.307837,1.385527,0.765334,0.744606,0.564154,0.584741,0.592615,2.355871,2.312428,1.755056,1.917897,1.371208,1.536230,1.603920,1.572560,0.587282,0.641605,0.690904,0.445389,0.490493,0.505606,0.574114,0.495381,0.056252,0.041490,0.050122,0.041670,0.031404,0.038743,0.041208,0.042073
3440736.064747,0.360005,0.312973,0.288715,0.229070,0.145976,0.154313,0.180986,0.185331,1.303258,1.306979,1.338103,0.760807,0.751749,0.568290,0.586609,0.587703,2.300023,2.279730,1.702440,1.926234,1.347412,1.485899,1.528942,1.501678,0.605579,0.668288,0.676444,0.440962,0.506999,0.519825,0.571734,0.494787,0.056531,0.044328,0.058328,0.044048,0.031980,0.039573,0.043206,0.043892
3440736.074747,0.349780,0.333724,0.292301,0.226042,0.159514,0.170034,0.177518,0.182246,1.261296,1.285762,1.274684,0.750069,0.754661,0.578002,0.582289,0.574696,2.290149,2.193758,1.653106,1.931598,1.319065,1.478066,1.492547,1.420345,0.629832,0.671762,0.683431,0.438190,0.495319,0.518028,0.575678,0.487897,0.063772,0.046411,0.061959,0.048799,0.033932,0.042042,0.048718,0.049415
3440736.084747,0.350455,0.323051,0.282448,0.228478,0.156149,0.167552,0.191294,0.196845,1.234155,1.237610,1.187767,0.753555,0.739363,0.576363,0.596849,0.581019,2.255191,2.086676,1.589780,1.919615,1.276543,1.514878,1.522956,1.358921,0.637329,0.677127,0.689814,0.429525,0.475004,0.525613,0.599673,0.503602,0.063907,0.055509,0.062670,0.047646,0.040330,0.046612,0.047185,0.048117
3440736.094747,0.332342,0.326302,0.273450,0.215322,0.166262,0.180841,0.188957,0.194698,1.198249,1.196659,1.107243,0.751922,0.726321,0.589567,0.611731,0.590167,2.214844,2.007666,1.531264,1.902615,1.240681,1.538848,1.555168,1.307258,0.640175,0.665461,0.695597,0.450513,0.476277,0.549895,0.636839,0.537036,0.063574,0.056100,0.063370,0.046388,0.040356,0.045366,0.046434,0.047190
3440736.104747,0.315627,0.313436,0.255446,0.203203,0.165323,0.178287,0.186846,0.192771,1.165083,1.144137,1.038606,0.750461,0.700670,0.599708,0.625587,0.598731,2.177421,1.979149,1.468098,1.886811,1.199620,1.560907,1.584886,1.259580,0.642707,0.653049,0.701626,0.480929,0.495737,0.584677,0.671173,0.567909,0.063296,0.055492,0.060626,0.045233,0.039171,0.045319,0.045669,0.046250
3440736.362255,0.296678,0.301633,0.242759,0.190834,0.164534,0.175977,0.188408,0.193813,1.129917,1.095623,0.976761,0.743073,0.676997,0.609166,0.644193,0.611613,2.140885,1.952659,1.408547,1.870992,1.161715,1.581227,1.606345,1.220930,0.641555,0.641457,0.700941,0.509259,0.513708,0.616801,0.697650,0.592140,0.061769,0.054962,0.061457,0.045135,0.037974,0.045204,0.046398,0.046259
3440736.372255,0.282067,0.283719,0.229830,0.189471,0.156796,0.175105,0.182404,0.186424,1.094156,1.044054,0.927576,0.732398,0.648034,0.621150,0.668478,0.632712,2.098287,1.928923,1.347749,1.848519,1.121024,1.594687,1.612328,1.233372,0.632436,0.629273,0.694388,0.527581,0.535245,0.641760,0.706808,0.599860,0.059847,0.052956,0.062622,0.044167,0.039117,0.046872,0.045621,0.045168
3440736.382255,0.272555,0.273244,0.221352,0.189373,0.153183,0.169385,0.171931,0.176050,1.050098,0.995041,0.886227,0.706761,0.619533,0.635091,0.687307,0.650895,2.052632,1.896793,1.322970,1.822821,1.095008,1.594716,1.614096,1.245297,0.615994,0.629696,0.689288,0.533722,0.548298,0.651486,0.709877,0.603471,0.055579,0.051445,0.064493,0.041856,0.036982,0.045721,0.043757,0.043346
3440736.392255,0.266380,0.264070,0.211150,0.188989,0.149898,0.160079,0.173970,0.178089,1.006767,0.937328,0.857380,0.681706,0.584455,0.643382,0.711671,0.677276,2.006474,1.862714,1.302889,1.797307,1.109101,1.592162,1.604899,1.245925,0.603092,0.623166,0.689723,0.539031,0.553837,0.656148,0.721392,0.617104,0.054831,0.051345,0.064452,0.040436,0.035923,0.043169,0.041991,0.041823
3440736.402255,0.255783,0.260379,0.196604,0.182687,0.153495,0.161501,0.169663,0.173360,0.957048,0.885551,0.830905,0.646711,0.556558,0.656620,0.728526,0.698007,1.954828,1.824730,1.283135,1.762781,1.115858,1.582398,1.584951,1.270590,0.598500,0.615762,0.693683,0.552500,0.561505,0.668868,0.742772,0.640767,0.053949,0.051120,0.064102,0.039062,0.036202,0.041647,0.042403,0.042248
3440736.412255,0.243774,0.251503,0.184543,0.173354,0.151614,0.157717,0.167175,0.172415,0.908599,0.835164,0.804995,0.610094,0.530857,0.664694,0.744049,0.720117,1.902777,1.776767,1.265708,1.724841,1.112901,1.564676,1.561724,1.290770,0.599418,0.615160,0.698049,0.571811,0.575683,0.690478,0.767194,0.666128,0.051962,0.048465,0.064003,0.039375,0.035493,0.042974,0.041999,0.041664
3440736.422255,0.229246,0.238490,0.174086,0.167281,0.149127,0.156243,0.157999,0.163118,0.858298,0.784359,0.782219,0.567981,0.508185,0.672540,0.751588,0.735367,1.853212,1.727368,1.248504,1.686782,1.106328,1.545135,1.535186,1.310534,0.613396,0.620224,0.700437,0.589576,0.592997,0.715419,0.787234,0.686030,0.050482,0.046076,0.064398,0.038897,0.033966,0.042662,0.042367,0.042572
3440736.432255,0.220744,0.223995,0.164531,0.163499,0.142187,0.149766,0.153467,0.154927,0.813126,0.739024,0.758981,0.536912,0.489329,0.670867,0.747874,0.741248,1.806179,1.679577,1.229523,1.648582,1.097313,1.523350,1.503928,1.334096,0.622941,0.625032,0.702456,0.600592,0.608228,0.737332,0.799140,0.697148,0.047509,0.043967,0.063312,0.038721,0.033473,0.042438,0.041720,0.041574
3440736.611220,0.211236,0.214452,0.156240,0.159661,0.138195,0.147655,0.150022,0.150178,0.776163,0.697064,0.734848,0.514264,0.471343,0.656591,0.738910,0.740032,1.759908,1.632460,1.208349,1.611521,1.085944,1.497143,1.469020,1.361910,0.625162,0.625807,0.702722,0.602522,0.618848,0.752489,0.800764,0.698002,0.047032,0.043523,0.061862,0.040434,0.032997,0.042854,0.045176,0.044002
3440736.621220,0.205035,0.205484,0.146200,0.154849,0.134763,0.145604,0.146577,0.145284,0.742009,0.655893,0.707994,0.519569,0.451273,0.638216,0.730237,0.735076,1.708529,1.584619,1.184715,1.570275,1.070701,1.468393,1.428709,1.397329,0.621916,0.621461,0.702094,0.597955,0.624620,0.758062,0.790557,0.688541,0.048468,0.041586,0.061008,0.041384,0.032993,0.046394,0.045270,0.043968
3440736.631220,0.201567,0.195729,0.141282,0.155252,0.129814,0.141832,0.140604,0.137405,0.706079,0.614136,0.688353,0.526895,0.430365,0.623215,0.734826,0.739068,1.653510,1.534935,1.164231,1.522719,1.051804,1.436147,1.378900,1.436071,0.629022,0.613013,0.704212,0.588827,0.626212,0.752597,0.770337,0.671639,0.046834,0.042336,0.057365,0.042782,0.033475,0.045988,0.045966,0.044378
3440736.641220,0.200921,0.189452,0.136629,0.157206,0.126527,0.135894,0.143238,0.137368,0.664472,0.576645,0.668827,0.545870,0.414372,0.620370,0.744130,0.748405,1.595419,1.482754,1.146684,1.467662,1.029881,1.396031,1.372838,1.468795,0.652953,0.599799,0.708429,0.577175,0.623089,0.740278,0.742531,0.649030,0.048759,0.041437,0.056304,0.045216,0.035303,0.046638,0.048104,0.047094
3440736.651220,0.188671,0.189304,0.132437,0.155215,0.130256,0.137611,0.145213,0.139445,0.622265,0.552589,0.650490,0.565164,0.409649,0.618786,0.736367,0.745478,1.538586,1.429992,1.129278,1.412225,1.010329,1.346896,1.390753,1.482513,0.686222,0.581270,0.712503,0.567651,0.615109,0.725359,0.712171,0.624134,0.045907,0.042484,0.059509,0.043341,0.037694,0.048355,0.046815,0.045671
3440736.661220,0.193037,0.178650,0.137609,0.167197,0.123620,0.140365,0.148693,0.143585,0.600528,0.533588,0.625888,0.557868,0.406593,0.599218,0.709892,0.720353,1.495329,1.384803,1.118626,1.375638,1.001375,1.317441,1.384786,1.473831,0.730979,0.561389,0.723928,0.609170,0.605653,0.711679,0.688779,0.605658,0.045394,0.043330,0.063015,0.045409,0.037968,0.046457,0.049385,0.047946
3440736.671220,0.191159,0.176822,0.137945,0.168799,0.127218,0.148122,0.147794,0.141365,0.581956,0.510901,0.605406,0.546566,0.394129,0.569233,0.688393,0.698367,1.462989,1.350108,1.113051,1.353899,1.005615,1.302349,1.370694,1.459023,0.779670,0.540573,0.739630,0.691083,0.594605,0.705226,0.668754,0.591586,0.047689,0.044458,0.061108,0.048941,0.039844,0.048802,0.053874,0.052268
3440736.681220,0.189798,0.173794,0.140198,0.168519,0.129204,0.147359,0.153866,0.145690,0.571032,0.482058,0.586502,0.533102,0.372352,0.555160,0.675666,0.679460,1.434962,1.325587,1.118380,1.340281,1.019232,1.279827,1.340708,1.431919,0.824647,0.521100,0.750815,0.774095,0.582911,0.702396,0.709840,0.656595,0.046453,0.047128,0.062326,0.047391,0.043659,0.053292,0.052001,0.050280
3440736.856794,0.181503,0.168386,0.131571,0.164539,0.131078,0.152335,0.146546,0.138579,0.562814,0.454500,0.579222,0.536328,0.350077,0.555335,0.681222,0.676853,1.418141,1.308796,1.132213,1.339696,1.040229,1.295122,1.359354,1.451527,0.866746,0.545761,0.758696,0.856971,0.565344,0.739640,0.795404,0.732889,0.047566,0.046063,0.064281,0.047156,0.042737,0.051442,0.052807,0.050985
3440736.866794,0.178015,0.158881,0.127552,0.163069,0.124446,0.148131,0.138241,0.131381,0.558445,0.434432,0.575712,0.541708,0.341288,0.572131,0.688200,0.675663,1.408285,1.303026,1.146710,1.345180,1.072333,1.322395,1.389835,1.483120,0.907225,0.577142,0.760661,0.936028,0.590960,0.830366,0.874175,0.802961,0.048751,0.048354,0.062552,0.048219,0.044805,0.051831,0.054524,0.052158
3440736.876794,0.183032,0.156953,0.122525,0.175128,0.119625,0.140056,0.143397,0.132708,0.565424,0.424488,0.576836,0.559947,0.337302,0.587728,0.710786,0.687596,1.397304,1.306216,1.162881,1.347740,1.107624,1.342850,1.424824,1.517589,0.938226,0.611786,0.759893,0.998049,0.646624,0.916231,0.933745,0.857280,0.048074,0.049087,0.062006,0.047359,0.045849,0.053828,0.055216,0.053245
3440736.886794,0.181949,0.162411,0.133708,0.175629,0.124595,0.150260,0.142984,0.130518,0.571026,0.418986,0.579832,0.577718,0.340912,0.618644,0.734236,0.702899,1.391357,1.307736,1.163918,1.357719,1.139314,1.369050,1.450603,1.544958,0.956829,0.638437,0.769797,1.040287,0.691206,0.980872,0.976951,0.899109,0.046603,0.048435,0.064045,0.044535,0.047080,0.053535,0.052873,0.051292
3440736.896794,0.182164,0.164562,0.165861,0.174425,0.127266,0.151831,0.142194,0.130933,0.578111,0.424532,0.571660,0.592762,0.349280,0.647341,0.756440,0.720597,1.383917,1.313747,1.172078,1.368007,1.170526,1.384271,1.473674,1.572279,0.975448,0.653774,0.765978,1.076511,0.727532,1.024595,1.014825,0.938777,0.045839,0.046709,0.061905,0.043876,0.045625,0.050298,0.052329,0.050097
3440736.906794,0.199301,0.173321,0.192590,0.171840,0.138796,0.152078,0.141693,0.130838,0.591771,0.433145,0.595492,0.606512,0.367180,0.673517,0.778961,0.740444,1.389729,1.312511,1.191933,1.376289,1.188663,1.396741,1.497128,1.600687,0.980180,0.673965,0.742929,1.111126,0.770085,1.061474,1.052783,0.980569,0.046509,0.044852,0.069572,0.042993,0.043367,0.050100,0.053311,0.052203
3440736.916794,0.212372,0.194461,0.217399,0.174717,0.150793,0.148555,0.141346,0.129092,0.615606,0.432810,0.617628,0.615490,0.387652,0.699062,0.799250,0.760404,1.407964,1.317979,1.210439,1.386545,1.200006,1.409119,1.518134,1.627437,0.967995,0.687265,0.721473,1.141657,0.815063,1.098238,1.090490,1.023955,0.053747,0.042824,0.076570,0.044644,0.045007,0.050660,0.054581,0.053437
3440736.926794,0.224452,0.208934,0.240348,0.177396,0.156398,0.147573,0.141028,0.127476,0.637682,0.442022,0.638103,0.623773,0.418548,0.719662,0.818014,0.778868,1.424858,1.332281,1.227558,1.396018,1.204965,1.417793,1.537563,1.652183,0.956696,0.687744,0.701626,1.169919,0.857024,1.134589,1.125372,1.064083,0.060424,0.050689,0.083044,0.046185,0.048862,0.051286,0.055758,0.054575
3440737.153997,0.235626,0.222322,0.261576,0.179875,0.161596,0.146674,0.140733,0.125981,0.658102,0.450570,0.657043,0.631435,0.447152,0.738707,0.835371,0.795949,1.440485,1.345562,1.243392,1.404780,1.209586,1.425808,1.555535,1.675073,0.946244,0.688133,0.683268,1.196060,0.895789,1.168226,1.157638,1.101201,0.066600,0.057931,0.089032,0.047610,0.052387,0.051878,0.056847,0.055628
3440737.163997,0.245962,0.234706,0.309271,0.182169,0.166405,0.145842,0.140460,0.124599,0.676991,0.458477,0.693759,0.638522,0.473610,0.756323,0.851426,0.811747,1.454940,1.357848,1.291600,1.412886,1.213860,1.433221,1.572158,1.696246,0.936575,0.688492,0.635801,1.220242,0.931646,1.199342,1.187484,1.135536,0.072313,0.064630,0.090773,0.048928,0.055647,0.052426,0.057854,0.056602
3440737.173997,0.276482,0.246162,0.318988,0.178301,0.170852,0.145073,0.139026,0.123163,0.736617,0.473206,0.763601,0.656570,0.498085,0.772618,0.868204,0.827114,1.505908,1.369212,1.370340,1.431389,1.217814,1.440079,1.589415,1.716902,0.917512,0.688824,0.621582,1.232839,0.964814,1.228123,1.211994,1.166040,0.073018,0.070827,0.090047,0.047904,0.058663,0.052932,0.055982,0.054952
3440737.183997,0.278088,0.280081,0.326065,0.174555,0.178172,0.143014,0.141195,0.125809,0.796610,0.531668,0.832023,0.670980,0.524800,0.788989,0.881776,0.839405,1.576341,1.413411,1.450171,1.447648,1.228198,1.447290,1.605597,1.734779,0.904536,0.662312,0.615463,1.237766,0.986335,1.252587,1.233290,1.193123,0.073564,0.071050,0.087036,0.046776,0.058730,0.050745,0.055123,0.053502
3440737.193997,0.276277,0.284904,0.332331,0.175100,0.173531,0.145639,0.142885,0.127943,0.854769,0.593013,0.896521,0.679121,0.561219,0.800066,0.888573,0.845928,1.647041,1.476530,1.527312,1.459166,1.242525,1.452874,1.615401,1.746499,0.899430,0.631329,0.612593,1.236538,0.993755,1.275165,1.253948,1.218036,0.070975,0.070036,0.080806,0.047655,0.055433,0.049846,0.056926,0.055451
3440737.203997,0.274745,0.286759,0.328568,0.168414,0.172931,0.146611,0.144714,0.132580,0.907320,0.653403,0.958751,0.688979,0.593996,0.805080,0.876785,0.835064,1.715667,1.537148,1.589876,1.462412,1.254095,1.453309,1.610780,1.744117,0.897301,0.605909,0.610702,1.229813,0.995795,1.296811,1.265432,1.231186,0.066719,0.068617,0.076289,0.044432,0.056295,0.051314,0.054013,0.053265
3440737.213997,0.273596,0.288629,0.344960,0.166612,0.171476,0.145181,0.149822,0.135159,0.957348,0.709220,1.034131,0.705216,0.616312,0.795138,0.871440,0.822942,1.776819,1.592505,1.634085,1.458799,1.260026,1.444306,1.583661,1.721018,0.891054,0.581550,0.610105,1.222309,0.990499,1.309070,1.272131,1.234979,0.065127,0.063555,0.075157,0.043465,0.054133,0.049065,0.051753,0.050998
3440737.223997,0.288976,0.282545,0.357970,0.169926,0.167746,0.145761,0.151000,0.135028,0.996106,0.771326,1.107881,0.715752,0.634182,0.789782,0.875910,0.819777,1.824457,1.634059,1.667952,1.449256,1.252891,1.417993,1.556263,1.697388,0.871671,0.551299,0.616276,1.212770,0.978672,1.314763,1.274862,1.232544,0.064416,0.061080,0.072290,0.045286,0.051135,0.046653,0.054262,0.054037
3440737.425623,0.297196,0.292019,0.368802,0.171898,0.170929,0.144976,0.155822,0.141372,1.023443,0.824738,1.185504,0.722006,0.662201,0.791071,0.889541,0.826052,1.864495,1.662752,1.687950,1.434886,1.236803,1.390119,1.524856,1.668635,0.845366,0.586987,0.632893,1.197458,0.963609,1.315346,1.267711,1.219038,0.063959,0.061759,0.070270,0.044768,0.054027,0.048422,0.052546,0.051915
3440737.435623,0.300546,0.302077,0.375220,0.167537,0.177045,0.146404,0.149562,0.135476,1.037795,0.872231,1.254885,0.714635,0.694255,0.798924,0.908411,0.840188,1.890836,1.682914,1.702861,1.408638,1.213648,1.359345,1.501960,1.648461,0.822147,0.632968,0.652901,1.169841,0.941586,1.308186,1.254052,1.197737,0.062792,0.059935,0.068093,0.044149,0.052634,0.047517,0.051349,0.050867
3440737.445623,0.302772,0.307019,0.385377,0.159364,0.174666,0.141001,0.146408,0.131290,1.052064,0.904505,1.315096,0.706283,0.738956,0.809839,0.922617,0.851127,1.915487,1.688695,1.715337,1.384239,1.177300,1.334687,1.482809,1.630649,0.798387,0.675561,0.674933,1.140057,0.907308,1.295672,1.242068,1.178060,0.062164,0.059302,0.065530,0.042881,0.052471,0.046891,0.051543,0.051272
3440737.455623,0.317157,0.309600,0.393899,0.162150,0.168901,0.139017,0.142880,0.128959,1.077893,0.933467,1.369324,0.708990,0.778077,0.815885,0.930995,0.857863,1.941589,1.692511,1.726081,1.368256,1.139950,1.315026,1.464160,1.612997,0.817135,0.717680,0.698658,1.107585,0.869576,1.283869,1.231666,1.159273,0.059630,0.058217,0.064482,0.040141,0.052576,0.047890,0.049603,0.049611
3440737.465623,0.320913,0.319658,0.399742,0.159551,0.169097,0.139429,0.136101,0.120125,1.108949,0.968027,1.412737,0.715305,0.807196,0.813254,0.944162,0.866917,1.973040,1.697648,1.769797,1.365002,1.107157,1.299450,1.438935,1.590037,0.852658,0.758909,0.719451,1.070765,0.831127,1.270911,1.221952,1.139288,0.058890,0.056099,0.064162,0.041302,0.051354,0.045876,0.048205,0.048274
3440737.475623,0.321077,0.325939,0.402092,0.156789,0.166971,0.135551,0.131824,0.115051,1.146350,1.002802,1.452883,0.722559,0.831298,0.821223,0.957853,0.875000,2.000699,1.703416,1.825367,1.368152,1.086915,1.276008,1.413533,1.567400,0.874836,0.794318,0.736742,1.027385,0.791483,1.256752,1.208798,1.115714,0.058760,0.055286,0.063516,0.042328,0.050544,0.045110,0.048685,0.049305
3440737.485623,0.316239,0.327897,0.408113,0.147100,0.161900,0.131259,0.130335,0.112845,1.189381,1.044920,1.494010,0.725474,0.847259,0.834728,0.975550,0.887408,2.026650,1.701960,1.876675,1.378091,1.105518,1.252996,1.385631,1.541449,0.888350,0.818287,0.754829,0.977472,0.748126,1.239194,1.191307,1.088329,0.058463,0.055222,0.061165,0.039743,0.050899,0.046929,0.047621,0.049054
3440737.495623,0.314773,0.325667,0.408091,0.145634,0.155099,0.130287,0.124275,0.107676,1.232621,1.082191,1.530024,0.717247,0.863722,0.854296,0.995571,0.902569,2.051110,1.698268,1.919232,1.397106,1.118322,1.253865,1.355178,1.513425,0.899367,0.836269,0.775819,0.953668,0.703185,1.216043,1.170435,1.059802,0.057249,0.055165,0.060705,0.039377,0.050132,0.045874,0.045775,0.047282
3440737.636507,0.316802,0.327063,0.410576,0.140585,0.153635,0.122004,0.125584,0.106840,1.276058,1.112864,1.557737,0.712815,0.884954,0.877127,1.009426,0.914069,2.071666,1.695839,1.953183,1.420260,1.124840,1.257733,1.327557,1.487777,0.912326,0.850857,0.800669,0.951949,0.656324,1.187252,1.145000,1.028375,0.055401,0.054746,0.060048,0.039098,0.049765,0.045435,0.046002,0.047681
3440737.646507,0.317774,0.327371,0.413692,0.134822,0.144817,0.121577,0.125382,0.106589,1.316577,1.141914,1.583662,0.712610,0.903131,0.892012,1.014977,0.918163,2.090598,1.694517,1.984650,1.443869,1.133542,1.261662,1.310597,1.471260,0.924249,0.863495,0.829333,0.945404,0.610124,1.153397,1.115707,0.992315,0.055357,0.054451,0.061610,0.039114,0.050205,0.045397,0.042795,0.044418
3440737.656507,0.318043,0.328512,0.414090,0.133417,0.140408,0.119623,0.120653,0.100919,1.359675,1.169957,1.611363,0.708124,0.913834,0.898941,1.024139,0.925367,2.103087,1.694646,2.018257,1.462715,1.147808,1.261678,1.310344,1.459424,0.931921,0.873459,0.856907,0.933984,0.601342,1.116926,1.086025,0.953152,0.054392,0.053957,0.063533,0.039229,0.047669,0.044142,0.043675,0.045360
3440737.666507,0.312566,0.329328,0.423355,0.125238,0.136384,0.113849,0.120751,0.101230,1.402164,1.190730,1.630957,0.701802,0.921860,0.910332,1.037178,0.937497,2.103911,1.692456,2.049799,1.471565,1.164259,1.255387,1.312896,1.443779,0.934711,0.878566,0.879034,0.918225,0.587065,1.081843,1.059686,0.915486,0.054771,0.053137,0.063229,0.039791,0.048531,0.042369,0.042173,0.043650
3440737.676507,0.323915,0.325856,0.420957,0.129449,0.130328,0.114910,0.113150,0.096867,1.427589,1.210742,1.637864,0.710033,0.934422,0.926411,1.042807,0.943231,2.094856,1.682868,2.071779,1.474134,1.175034,1.242446,1.311964,1.424141,0.931097,0.879242,0.896627,0.898967,0.569472,1.053237,1.041104,0.884759,0.054957,0.053119,0.061289,0.041089,0.047305,0.041133,0.040950,0.042426
3440737.686507,0.323411,0.334560,0.417147,0.128879,0.134815,0.110781,0.116032,0.099401,1.442502,1.240990,1.641030,0.716944,0.943523,0.932968,1.045704,0.946311,2.085349,1.666833,2.092584,1.477550,1.181131,1.238696,1.310920,1.406159,0.921689,0.876230,0.916981,0.878487,0.550935,1.034826,1.025943,0.857202,0.053550,0.052005,0.060943,0.041170,0.046019,0.041163,0.040191,0.041850
3440737.696507,0.321185,0.332885,0.410990,0.129951,0.133068,0.108150,0.120280,0.105186,1.453565,1.266242,1.633409,0.727274,0.944727,0.935612,1.038774,0.939366,2.074011,1.686581,2.113434,1.475864,1.191749,1.242114,1.300337,1.381259,0.907968,0.868990,0.946808,0.855545,0.532276,1.020838,1.006233,0.823660,0.051928,0.050002,0.061791,0.040616,0.045204,0.042067,0.038229,0.040240
3440737.706507,0.317736,0.329862,0.413354,0.124640,0.133418,0.110210,0.118022,0.101707,1.460450,1.288115,1.631492,0.728856,0.942062,0.930453,1.023761,0.922777,2.055649,1.711783,2.126325,1.468587,1.199714,1.236358,1.278684,1.365135,0.889873,0.856932,0.983037,0.829288,0.508341,1.003104,0.985413,0.788299,0.050618,0.048936,0.063019,0.040072,0.042500,0.041400,0.038738,0.040715
3440737.843710,0.323735,0.327334,0.453444,0.127817,0.127754,0.108801,0.117298,0.099969,1.478909,1.298564,1.605476,0.721187,0.926296,0.917079,1.011244,0.907239,2.038713,1.732464,2.169376,1.464738,1.216572,1.222406,1.253004,1.354258,0.869141,0.839768,0.994303,0.803158,0.481544,0.983517,0.963687,0.752801,0.050781,0.047601,0.067607,0.040939,0.040927,0.041794,0.039470,0.041914
3440737.853710,0.370438,0.336230,0.490671,0.145593,0.126209,0.108224,0.132523,0.113764,1.491499,1.299552,1.581265,0.701816,0.911657,0.905847,0.996715,0.888303,1.994966,1.738465,2.209325,1.448832,1.240704,1.206178,1.227455,1.352480,0.873320,0.820340,1.004583,0.785084,0.484912,0.962399,0.931032,0.707852,0.058799,0.046938,0.074545,0.044511,0.041742,0.042461,0.040656,0.044401
3440737.863710,0.413794,0.376729,0.518150,0.162091,0.143646,0.124001,0.146676,0.126589,1.503049,1.270913,1.566548,0.683877,0.882628,0.891300,0.983226,0.870735,1.954522,1.769016,2.266750,1.434098,1.271465,1.175835,1.203885,1.350821,0.877150,0.816452,0.988915,0.768337,0.483140,0.929978,0.900831,0.666280,0.066165,0.053729,0.083900,0.047818,0.044819,0.043328,0.042695,0.046707
3440737.873710,0.457624,0.414313,0.582426,0.183074,0.159846,0.138668,0.164885,0.144232,1.520541,1.244346,1.572373,0.661566,0.855701,0.877792,0.966803,0.849074,1.910063,1.797394,2.395185,1.414354,1.299901,1.147746,1.202908,1.348494,0.887509,0.812804,0.957908,0.746878,0.481431,0.900002,0.876188,0.633559,0.075123,0.059965,0.085203,0.049113,0.047650,0.044083,0.044352,0.045715
3440737.883710,0.528586,0.451192,0.620745,0.220885,0.180417,0.157020,0.172613,0.154674,1.594497,1.204985,1.599661,0.652678,0.821688,0.861911,0.967432,0.842864,2.054497,1.843542,2.534731,1.394184,1.327935,1.117956,1.220479,1.364221,0.884306,0.812645,0.947403,0.709069,0.466859,0.876998,0.876778,0.629275,0.075731,0.067862,0.088807,0.046875,0.050051,0.047490,0.043608,0.043658
3440737.893710,0.572808,0.516538,0.656114,0.249701,0.219952,0.167408,0.176149,0.159072,1.681156,1.239670,1.624981,0.691506,0.796660,0.867626,0.972334,0.842855,2.205098,1.963859,2.663892,1.375461,1.379931,1.094889,1.241362,1.384844,0.886831,0.796839,0.937765,0.673303,0.469031,0.883532,0.882380,0.631681,0.080025,0.068431,0.096775,0.049809,0.048711,0.047391,0.044201,0.045305
3440737.903710,0.613634,0.561158,0.688830,0.276333,0.249791,0.170565,0.179405,0.163120,1.761399,1.303093,1.648402,0.727446,0.781826,0.879505,0.976883,0.842868,2.344487,2.091360,2.783366,1.358158,1.436706,1.083754,1.260692,1.403941,0.889110,0.785454,0.928849,0.640205,0.481285,0.897208,0.887573,0.633919,0.084757,0.073805,0.104146,0.052505,0.051323,0.048019,0.044736,0.047230
3440737.913710,0.651397,0.602373,0.695734,0.300968,0.277367,0.184203,0.192098,0.175860,1.835624,1.361820,1.691392,0.760691,0.768132,0.890518,0.981092,0.842881,2.473423,2.209360,2.909022,1.342152,1.489248,1.104894,1.278574,1.421605,0.891218,0.774891,0.927809,0.629473,0.492644,0.909876,0.892376,0.635990,0.089135,0.078725,0.107539,0.054998,0.053719,0.048579,0.045891,0.049011
3440738.105059,0.680532,0.640497,0.727319,0.317002,0.302875,0.198557,0.202939,0.185039,1.908106,1.416144,1.701418,0.798579,0.755466,0.900707,0.987349,0.846134,2.594883,2.318509,2.987343,1.333725,1.537848,1.124448,1.295962,1.439648,0.893690,0.765120,0.909331,0.646267,0.503151,0.921594,0.896138,0.637311,0.086971,0.083276,0.107165,0.053036,0.055935,0.049097,0.043105,0.046861
3440738.115059,0.717267,0.661053,0.756694,0.338979,0.316035,0.208758,0.221798,0.201220,1.939043,1.479454,1.710522,0.821622,0.756090,0.913584,0.980570,0.837957,2.655315,2.428768,3.059700,1.310375,1.588420,1.143017,1.296028,1.442926,0.937816,0.786091,0.892388,0.663915,0.514304,0.932725,0.901333,0.644190,0.082934,0.081588,0.106699,0.053623,0.053477,0.046551,0.043947,0.046760
3440738.125059,0.751422,0.694339,0.736038,0.359385,0.336449,0.225916,0.239302,0.216236,1.967431,1.508649,1.749742,0.842845,0.748592,0.914324,0.974232,0.830336,2.711076,2.487316,3.101431,1.288679,1.617527,1.156605,1.301024,1.445922,0.978622,0.815476,0.876221,0.680340,0.519793,0.945176,0.906205,0.650611,0.081423,0.080056,0.109750,0.054069,0.052842,0.046945,0.044658,0.046612
3440738.135059,0.745047,0.725282,0.703147,0.362187,0.355396,0.241845,0.235713,0.213878,2.022500,1.535465,1.791382,0.875941,0.741590,0.914942,0.980705,0.832469,2.740355,2.541351,3.121049,1.284687,1.644397,1.169229,1.300552,1.441159,1.046589,0.842853,0.882633,0.699564,0.524941,0.956759,0.913552,0.664294,0.086240,0.078497,0.110087,0.056883,0.052178,0.047889,0.047849,0.050908
3440738.145059,0.726466,0.722865,0.697622,0.358828,0.352253,0.238597,0.231012,0.206040,2.079149,1.582757,1.864789,0.910808,0.753405,0.928244,0.991767,0.837808,2.751036,2.572553,3.110948,1.298748,1.664060,1.172671,1.299959,1.431180,1.110253,0.880402,0.915979,0.726340,0.528938,0.969413,0.927472,0.686385,0.088823,0.083706,0.107143,0.055351,0.054878,0.050408,0.047509,0.047325
3440738.155059,0.739405,0.704713,0.691247,0.367111,0.345263,0.232991,0.236683,0.211146,2.161004,1.631394,1.938084,0.955273,0.769671,0.944220,1.013203,0.856338,2.741134,2.583793,3.098683,1.316283,1.678330,1.177553,1.303474,1.420419,1.162670,0.933284,0.954207,0.761593,0.540893,0.987692,0.950228,0.717518,0.088832,0.080078,0.104135,0.055581,0.052378,0.049699,0.047805,0.046927
3440738.165059,0.747317,0.710555,0.697653,0.373488,0.354214,0.237874,0.241832,0.216793,2.241133,1.701547,2.024540,0.997100,0.801438,0.969896,1.029806,0.871849,2.731098,2.576681,3.070012,1.333468,1.690299,1.187603,1.302788,1.409050,1.206030,1.001738,0.978051,0.797085,0.565604,1.013874,0.969956,0.744939,0.084359,0.075726,0.100816,0.057132,0.050832,0.049903,0.046765,0.047204
3440738.175059,0.757244,0.714553,0.699336,0.382689,0.361310,0.242741,0.249520,0.224743,2.326457,1.768536,2.108168,1.042554,0.831142,0.992211,1.049372,0.892617,2.711447,2.569492,3.038727,1.353181,1.703897,1.195220,1.300692,1.392807,1.241417,1.068928,0.995127,0.826444,0.590780,1.036905,0.983878,0.764903,0.085180,0.074414,0.095202,0.056735,0.050620,0.050230,0.048729,0.046934
3440738.345111,0.761899,0.724399,0.688916,0.387778,0.372606,0.249690,0.260287,0.235586,2.407287,1.843061,2.199288,1.085770,0.868155,1.018552,1.068407,0.913605,2.690189,2.551381,3.047835,1.372820,1.711342,1.203159,1.293256,1.372659,1.275110,1.122666,1.009823,0.851667,0.607834,1.053971,0.997117,0.783863,0.085923,0.072000,0.091453,0.056398,0.050335,0.051383,0.047810,0.046535
3440738.355111,0.757216,0.731403,0.680048,0.385354,0.381704,0.256872,0.257846,0.231974,2.490435,1.914478,2.288601,1.132912,0.904274,1.044218,1.098184,0.946598,2.665465,2.531569,3.074635,1.385587,1.717362,1.207883,1.276154,1.343085,1.325052,1.168921,1.025280,0.874007,0.620967,1.068630,1.012445,0.805797,0.086709,0.068721,0.091144,0.055856,0.048845,0.050677,0.045756,0.047074
3440738.365111,0.761376,0.726214,0.672955,0.388542,0.378031,0.254200,0.259888,0.232506,2.569318,1.992078,2.373651,1.177492,0.950017,1.077006,1.129361,0.980361,2.632347,2.507704,3.100243,1.394254,1.713891,1.204988,1.254602,1.316826,1.377023,1.212322,1.044338,0.892069,0.633452,1.082029,1.029160,0.830035,0.085384,0.064626,0.086960,0.057144,0.046234,0.049519,0.046572,0.044937
3440738.375111,0.764958,0.726469,0.676490,0.393135,0.379568,0.257488,0.262716,0.234423,2.632485,2.066175,2.453367,1.210375,0.995303,1.109547,1.157706,1.014092,2.595832,2.476666,3.129790,1.401834,1.713417,1.198056,1.231754,1.291268,1.425314,1.252014,1.072186,0.906578,0.646976,1.093381,1.047226,0.855855,0.082977,0.061965,0.083761,0.058567,0.047165,0.050771,0.045996,0.044369
3440738.385111,0.774237,0.728192,0.667912,0.402451,0.382560,0.260905,0.270132,0.241871,2.690173,2.130889,2.516222,1.238837,1.037358,1.133745,1.184169,1.046800,2.551895,2.454483,3.168082,1.401021,1.714643,1.190626,1.203268,1.269990,1.479878,1.289748,1.107513,0.927719,0.663625,1.102776,1.071127,0.886453,0.083703,0.060934,0.081421,0.056243,0.046765,0.050606,0.043289,0.045147
3440738.395111,0.758914,0.738465,0.660927,0.391511,0.393766,0.266332,0.265693,0.239668,2.721909,2.190308,2.573921,1.246826,1.075428,1.154312,1.198520,1.069204,2.521124,2.481051,3.203675,1.384328,1.721550,1.178195,1.183632,1.258789,1.548844,1.335397,1.141215,0.963311,0.690076,1.116992,1.102375,0.921544,0.085526,0.058325,0.079823,0.057377,0.044016,0.048082,0.043173,0.046593
3440738.405111,0.746070,0.728860,0.654901,0.383472,0.388908,0.257640,0.256418,0.229910,2.749179,2.227846,2.630019,1.252851,1.096638,1.160454,1.213132,1.090376,2.576998,2.523011,3.234115,1.366325,1.741886,1.155436,1.184747,1.250196,1.614675,1.392964,1.174708,0.999377,0.726805,1.141724,1.126997,0.948282,0.086568,0.054752,0.080460,0.058058,0.043829,0.049045,0.043396,0.046351
3440738.415111,0.738285,0.718755,0.637389,0.378095,0.383995,0.248455,0.254320,0.229327,2.767240,2.261070,2.691537,1.252479,1.114471,1.166264,1.215030,1.096328,2.635746,2.563670,3.248443,1.348180,1.762701,1.134659,1.197901,1.256286,1.671621,1.447172,1.213184,1.030747,0.762534,1.164100,1.140228,0.963484,0.086254,0.051922,0.081816,0.058666,0.043503,0.048949,0.044648,0.043340
3440738.620671,0.733106,0.711404,0.619089,0.372368,0.381446,0.247063,0.256149,0.232310,2.789426,2.286329,2.769174,1.253942,1.127116,1.160843,1.215131,1.099821,2.682541,2.606635,3.239753,1.335707,1.785857,1.117600,1.212481,1.264548,1.731066,1.495998,1.270628,1.061146,0.795703,1.177282,1.147249,0.972555,0.089171,0.049523,0.089019,0.061002,0.042522,0.051335,0.042970,0.042676
3440738.630671,0.730568,0.702010,0.663324,0.367407,0.378132,0.248610,0.260085,0.235638,2.831167,2.314676,2.861590,1.257904,1.141826,1.153741,1.208125,1.098492,2.703947,2.637935,3.196431,1.337350,1.801407,1.106959,1.232681,1.276541,1.804514,1.544956,1.370567,1.094730,0.829413,1.184824,1.151059,0.978605,0.083639,0.052282,0.101344,0.059236,0.045090,0.050133,0.041108,0.042359
3440738.640671,0.787276,0.691666,0.728211,0.386188,0.374637,0.253993,0.270292,0.247197,2.892499,2.361264,2.971784,1.267150,1.161988,1.138201,1.203625,1.100663,2.689398,2.645901,3.130400,1.344887,1.808474,1.105278,1.248350,1.282508,1.916305,1.609164,1.452276,1.141615,0.868160,1.189172,1.158795,0.989330,0.085609,0.054694,0.100553,0.057939,0.043052,0.047515,0.040221,0.040940
3440738.650671,0.851609,0.739985,0.771150,0.405734,0.396333,0.263614,0.280211,0.261712,2.964319,2.423461,3.097828,1.278895,1.187789,1.123199,1.200862,1.107262,2.659265,2.620338,3.035553,1.346563,1.797739,1.102569,1.260488,1.282670,2.012513,1.713992,1.496746,1.183455,0.921935,1.197790,1.164328,0.995600,0.090475,0.063831,0.102278,0.058347,0.041925,0.048162,0.041082,0.042285
3440738.660671,0.885256,0.806399,0.809960,0.417777,0.425253,0.269800,0.284860,0.267924,3.054528,2.503975,3.220482,1.297825,1.221046,1.107105,1.203687,1.119584,2.608830,2.572315,3.030084,1.332722,1.777311,1.102706,1.261989,1.271209,2.065135,1.802019,1.524956,1.207117,0.966465,1.206935,1.158872,0.989532,0.093784,0.065646,0.098480,0.061237,0.044034,0.047334,0.042490,0.043359
3440738.670671,0.906906,0.845546,0.815961,0.420888,0.441997,0.273020,0.286800,0.271776,3.131952,2.602603,3.346967,1.306341,1.261716,1.094671,1.204866,1.130362,2.633680,2.502137,3.118624,1.325912,1.738527,1.126541,1.262782,1.259610,2.099094,1.853110,1.542936,1.223164,0.991429,1.208304,1.149926,0.980087,0.095976,0.067682,0.094333,0.061449,0.047457,0.049094,0.043440,0.044076
3440738.680671,0.913191,0.876019,0.822856,0.425355,0.456830,0.273482,0.283316,0.267791,3.208239,2.695432,3.465487,1.312535,1.301953,1.079141,1.209386,1.144869,2.746664,2.481395,3.200057,1.321313,1.698716,1.150730,1.258130,1.241572,2.120867,1.885575,1.566962,1.236409,1.009677,1.206411,1.143779,0.972622,0.093196,0.070242,0.095871,0.060965,0.048672,0.049317,0.044512,0.045784
3440738.690671,0.927985,0.881531,0.829241,0.427637,0.456828,0.275875,0.274886,0.259550,3.273427,2.790770,3.575116,1.320605,1.346520,1.064607,1.220194,1.164980,2.858629,2.578876,3.275384,1.314420,1.649142,1.174541,1.247591,1.217826,2.140955,1.904314,1.589193,1.251775,1.026477,1.205524,1.146430,0.974941,0.088593,0.069379,0.097286,0.059128,0.049747,0.049760,0.043273,0.044338
3440738.908687,0.941703,0.893323,0.835148,0.429742,0.456222,0.268284,0.267069,0.251910,3.333723,2.875937,3.676523,1.328072,1.390812,1.060552,1.230195,1.183587,2.962208,2.674526,3.345062,1.308048,1.596886,1.192127,1.237856,1.195873,2.159564,1.922961,1.609758,1.265984,1.049661,1.210810,1.148865,0.977071,0.084322,0.067958,0.098595,0.057432,0.049611,0.048162,0.042146,0.043016
3440738.918687,0.954392,0.904255,0.854871,0.431690,0.455662,0.261230,0.259839,0.244842,3.389497,2.954713,3.775086,1.334978,1.431783,1.056817,1.239446,1.200798,3.058019,2.763011,3.404220,1.302154,1.548549,1.208423,1.228852,1.175566,2.176779,1.940228,1.647224,1.279127,1.071105,1.215666,1.151117,0.979041,0.080372,0.068330,0.097937,0.055863,0.049485,0.046712,0.041104,0.041794
3440738.928687,0.971472,0.914367,0.880671,0.435796,0.455144,0.254706,0.264037,0.251838,3.439105,3.027580,3.848454,1.339882,1.469680,1.053361,1.251677,1.221681,3.149999,2.844860,3.462728,1.295217,1.503837,1.223496,1.209341,1.143933,2.200897,1.956200,1.703879,1.295276,1.090941,1.220158,1.163411,0.992893,0.081314,0.068675,0.105055,0.056895,0.049369,0.045371,0.042585,0.043069
3440738.938687,0.989562,0.932975,0.930299,0.440555,0.464790,0.254765,0.265463,0.254537,3.470982,3.095851,3.926411,1.339488,1.506400,1.051928,1.255932,1.232972,3.239176,2.921526,3.490107,1.288182,1.452255,1.229996,1.188658,1.112613,2.239357,1.982354,1.744520,1.315480,1.121257,1.230432,1.182610,1.015349,0.085503,0.067243,0.109524,0.057172,0.051374,0.045501,0.042089,0.043296
3440738.948687,1.037899,0.953374,0.898581,0.461469,0.473556,0.254349,0.275325,0.265876,3.523243,3.146026,3.945573,1.350300,1.529236,1.047368,1.267279,1.251242,3.286238,2.997307,3.491828,1.264030,1.402910,1.234485,1.159734,1.072011,2.247448,2.023303,1.750447,1.320811,1.161286,1.243235,1.191668,1.027236,0.087628,0.070196,0.113891,0.057341,0.053561,0.044244,0.041260,0.042356
3440738.958687,0.995306,1.001110,0.859836,0.444821,0.494666,0.264148,0.262539,0.251559,3.532089,3.211577,3.950085,1.342612,1.559199,1.050458,1.268632,1.257827,3.302894,3.036258,3.486063,1.226211,1.341544,1.228671,1.117438,1.025775,2.200568,2.041951,1.730233,1.299462,1.187206,1.244787,1.181468,1.019138,0.098644,0.069371,0.118378,0.061391,0.052545,0.043891,0.042158,0.043314
3440738.968687,0.946472,0.967082,0.837088,0.425524,0.474118,0.252646,0.249676,0.237597,3.529971,3.235262,3.921587,1.328559,1.568025,1.041879,1.266041,1.258396,3.309988,3.050627,3.453712,1.194591,1.284357,1.205030,1.076474,0.986228,2.124677,2.022264,1.667179,1.266342,1.183345,1.227355,1.164935,1.002022,0.100256,0.077517,0.110711,0.061035,0.054684,0.045272,0.042610,0.044550
3440738.978687,0.915155,0.925746,0.816901,0.408228,0.450848,0.240254,0.238983,0.226168,3.507317,3.254028,3.888637,1.308573,1.571869,1.030037,1.263070,1.255904,3.303355,3.050285,3.419689,1.168975,1.236958,1.179490,1.041768,0.953514,2.027287,1.974444,1.607717,1.226788,1.164999,1.204141,1.146152,0.980980,0.094785,0.080767,0.105248,0.058467,0.057274,0.044890,0.041116,0.042991
3440739.218684,0.887270,0.895083,0.811890,0.390158,0.434202,0.230301,0.224485,0.213602,3.491580,3.250225,3.846204,1.295982,1.565647,1.019210,1.268211,1.259227,3.294805,3.034281,3.366524,1.140587,1.204617,1.158631,1.008796,0.920472,1.941160,1.899137,1.572199,1.193227,1.137919,1.179877,1.127665,0.960767,0.090873,0.077219,0.101968,0.056403,0.054027,0.043307,0.042251,0.043934
3440739.228684,0.877515,0.867589,0.807968,0.377743,0.418138,0.215815,0.213775,0.204601,3.473177,3.248181,3.806387,1.285941,1.561396,1.018142,1.277691,1.268317,3.264062,3.016838,3.312885,1.109135,1.173030,1.140135,0.976093,0.885347,1.880979,1.832002,1.541773,1.166953,1.111943,1.157809,1.107871,0.940563,0.090809,0.073797,0.098032,0.055865,0.053281,0.043916,0.041858,0.043741
3440739.238684,0.867125,0.853412,0.784343,0.370687,0.406448,0.205001,0.215233,0.209518,3.453294,3.242162,3.758839,1.279135,1.559257,1.020507,1.293293,1.286807,3.225740,2.985772,3.242867,1.074045,1.141024,1.121434,0.941316,0.848245,1.832175,1.783214,1.510380,1.144898,1.089858,1.136310,1.082090,0.917387,0.088608,0.071549,0.097437,0.053685,0.052143,0.043399,0.042862,0.044189
3440739.248684,0.837198,0.841869,0.760976,0.355167,0.403824,0.205366,0.209645,0.203759,3.424393,3.236580,3.705628,1.267040,1.562940,1.028454,1.297732,1.294000,3.168958,2.951378,3.168524,1.036888,1.104610,1.102186,0.895388,0.844127,1.787909,1.741767,1.476953,1.126184,1.066166,1.109982,1.051373,0.897054,0.085828,0.069488,0.094430,0.051066,0.051022,0.043426,0.042099,0.043542
3440739.258684,0.811227,0.813828,0.737373,0.339601,0.387887,0.198229,0.200709,0.195377,3.384002,3.222462,3.650918,1.247579,1.558712,1.027630,1.297799,1.297163,3.104407,2.901531,3.095908,1.009575,1.077108,1.072785,0.903558,0.843265,1.750764,1.703205,1.437984,1.112026,1.040237,1.080274,1.019917,0.876675,0.083024,0.065416,0.091659,0.048358,0.049737,0.042271,0.040227,0.041829
3440739.268684,0.785700,0.787881,0.716724,0.324471,0.371253,0.190785,0.188405,0.184160,3.345165,3.199467,3.599169,1.228928,1.546930,1.025783,1.293734,1.295574,3.044619,2.846159,3.027416,0.982498,1.059409,1.044337,0.906388,0.838978,1.712037,1.667917,1.401056,1.096561,1.015342,1.051082,0.985918,0.849548,0.080833,0.061906,0.089883,0.046420,0.048607,0.040749,0.037978,0.039019
3440739.278684,0.765758,0.762207,0.701833,0.315030,0.355339,0.177313,0.176593,0.174000,3.305020,3.175102,3.551458,1.206602,1.533235,1.021923,1.285619,1.288571,2.985406,2.793056,2.968146,0.961399,1.045173,1.016587,0.908970,0.836358,1.672633,1.629780,1.370752,1.077709,0.988035,1.022595,0.951115,0.819547,0.080003,0.058276,0.089393,0.044921,0.045186,0.038349,0.035814,0.036950
3440739.288684,0.750344,0.739469,0.697553,0.300908,0.343905,0.165415,0.164819,0.161533,3.268184,3.151541,3.514442,1.188032,1.517028,1.017211,1.280211,1.284012,2.933957,2.743320,2.921489,0.945595,1.036152,0.989840,0.914044,0.836871,1.639720,1.594018,1.342857,1.057029,0.959229,0.995876,0.916086,0.790267,0.077159,0.056441,0.089227,0.043391,0.044255,0.036232,0.033823,0.035192
3440739.462830,0.739029,0.722412,0.689764,0.289616,0.328217,0.154043,0.155103,0.153064,3.234598,3.129435,3.473077,1.172441,1.505441,1.013765,1.277949,1.282495,2.892402,2.700794,2.922225,0.929314,1.027405,0.966342,0.922689,0.840620,1.613420,1.564618,1.318794,1.037901,0.930053,0.971183,0.881260,0.764481,0.077221,0.056649,0.088720,0.041782,0.042486,0.036049,0.033285,0.034585
3440739.472830,0.725849,0.712151,0.677225,0.279195,0.320666,0.146035,0.145527,0.144926,3.198094,3.112593,3.426799,1.158045,1.500464,1.011437,1.274505,1.279320,2.862198,2.667408,2.952857,0.914627,1.011879,0.947786,0.932416,0.845980,1.592743,1.539011,1.298652,1.020482,0.902516,0.947945,0.848128,0.742178,0.077616,0.054464,0.087814,0.040420,0.041519,0.036950,0.032501,0.033234
3440739.482830,0.709783,0.700332,0.669608,0.268161,0.311952,0.139260,0.136598,0.134988,3.158044,3.092980,3.383220,1.142027,1.492523,1.006386,1.267923,1.272967,2.838487,2.645374,2.985694,0.899964,0.992979,0.930984,0.943546,0.852810,1.574187,1.515900,1.281811,1.003927,0.878428,0.926662,0.815914,0.722362,0.077801,0.053453,0.086912,0.039606,0.040900,0.036671,0.031834,0.033242
3440739.492830,0.701639,0.686202,0.655575,0.266379,0.300235,0.130373,0.132941,0.130393,3.121061,3.070000,3.349524,1.131009,1.479950,0.996675,1.265427,1.268770,2.867693,2.628970,3.014438,0.894506,0.977079,0.912930,0.951948,0.857920,1.559506,1.493602,1.272619,0.993852,0.856563,0.905240,0.788886,0.707747,0.078016,0.052459,0.084934,0.039209,0.040404,0.036668,0.031329,0.032493
3440739.502830,0.686928,0.678888,0.642710,0.255945,0.293626,0.126982,0.125174,0.122477,3.093953,3.048700,3.319134,1.127909,1.467715,0.990365,1.267779,1.267831,2.897645,2.656338,3.039738,0.892365,0.966821,0.919192,0.953102,0.858493,1.552218,1.474814,1.266272,0.992074,0.838122,0.886660,0.770403,0.697049,0.078647,0.051887,0.082898,0.038261,0.039223,0.036766,0.029850,0.031585
3440739.512830,0.673793,0.666493,0.634268,0.247775,0.285141,0.119742,0.119260,0.116527,3.069402,3.034581,3.284315,1.123323,1.458769,0.987510,1.265933,1.264809,2.923762,2.683835,3.055680,0.887881,0.957156,0.921231,0.949005,0.856315,1.547904,1.462333,1.270252,0.993404,0.823193,0.873877,0.758900,0.688854,0.077906,0.050318,0.080608,0.038987,0.038253,0.035775,0.031718,0.033517
3440739.522830,0.665007,0.654441,0.657111,0.244224,0.275950,0.113909,0.126824,0.123924,3.038452,3.022393,3.238891,1.111205,1.451950,0.982379,1.251950,1.251395,2.940596,2.709491,3.039268,0.876169,0.949875,0.920928,0.936785,0.849905,1.552734,1.451373,1.280420,1.001479,0.809203,0.864690,0.760274,0.687355,0.081024,0.048320,0.080918,0.039711,0.037132,0.036465,0.032001,0.034003
3440739.532830,0.690067,0.646552,0.641584,0.245886,0.269624,0.120892,0.128664,0.125042,2.997957,3.003291,3.154387,1.094173,1.441677,0.968428,1.238936,1.238650,2.926348,2.727639,2.994956,0.859432,0.940130,0.913705,0.947311,0.869850,1.555684,1.449196,1.307494,1.013386,0.800645,0.865676,0.771619,0.693139,0.083917,0.050959,0.087512,0.038374,0.037748,0.036567,0.033709,0.034649
3440739.749028,0.670715,0.667790,0.647951,0.240915,0.272541,0.121892,0.133580,0.126600,2.904747,2.973519,3.059259,1.060334,1.426061,0.956403,1.221055,1.220276,2.866570,2.716852,2.914786,0.822457,0.921904,0.900793,0.976016,0.899219,1.570713,1.446853,1.295659,1.030967,0.797556,0.875881,0.789169,0.708074,0.091728,0.052782,0.088348,0.040409,0.035957,0.039150,0.034891,0.035531
3440739.759028,0.674002,0.650287,0.612542,0.236228,0.262444,0.129382,0.133026,0.128127,2.801004,2.901061,2.929295,1.027712,1.393391,0.941173,1.213449,1.207955,2.778184,2.674884,2.802468,0.786072,0.897959,0.872904,1.003385,0.925579,1.551838,1.455217,1.247676,1.045546,0.804827,0.891867,0.812378,0.726590,0.090142,0.059891,0.094602,0.039267,0.034987,0.040017,0.034224,0.034847
3440739.769028,0.634664,0.654025,0.589041,0.225505,0.261054,0.126816,0.134294,0.129764,2.658112,2.815307,2.802084,0.991153,1.357663,0.939913,1.206385,1.194294,2.653246,2.600090,2.680531,0.743670,0.887421,0.844577,1.025886,0.946969,1.497261,1.427721,1.202062,1.052355,0.803614,0.914661,0.837315,0.744511,0.092838,0.057850,0.093763,0.038094,0.033522,0.040817,0.035769,0.037736
3440739.779028,0.602727,0.616714,0.553121,0.216514,0.250293,0.125877,0.140748,0.136049,2.522061,2.695049,2.668891,0.956516,1.314446,0.939767,1.192426,1.175138,2.530370,2.495739,2.550878,0.705578,0.886244,0.851777,1.038644,0.958975,1.444435,1.367390,1.171341,1.060135,0.793791,0.939330,0.868756,0.769475,0.091296,0.063986,0.095050,0.038412,0.035451,0.040222,0.039407,0.041247
3440739.789028,0.565233,0.591194,0.532219,0.212535,0.244739,0.128692,0.147275,0.141889,2.388800,2.576958,2.546549,0.924455,1.270256,0.934830,1.175810,1.154297,2.408710,2.384161,2.427110,0.675667,0.874921,0.853534,1.047209,0.967100,1.401391,1.318469,1.151536,1.068314,0.791946,0.967320,0.901176,0.797315,0.091266,0.064663,0.093226,0.038763,0.037003,0.041108,0.038053,0.040299
3440739.799028,0.533459,0.555080,0.503139,0.203096,0.238932,0.134946,0.148718,0.143217,2.266471,2.453794,2.414106,0.885782,1.227037,0.927995,1.142920,1.120511,2.296274,2.266265,2.294287,0.656641,0.858545,0.854246,1.055757,0.976650,1.368098,1.285652,1.144948,1.075253,0.797763,0.994034,0.926951,0.823074,0.087199,0.066188,0.092869,0.038060,0.037861,0.039640,0.037295,0.039521
3440739.809028,0.500174,0.532510,0.467907,0.193046,0.234996,0.135368,0.146135,0.140663,2.139776,2.338687,2.282475,0.842148,1.181222,0.905220,1.099915,1.073948,2.180779,2.154045,2.161297,0.640075,0.831426,0.855913,1.056819,0.980210,1.346596,1.261580,1.145518,1.081965,0.812247,1.013996,0.951783,0.851809,0.083932,0.062367,0.089710,0.038088,0.035926,0.039376,0.039374,0.041826
3440739.819028,0.466679,0.501822,0.438132,0.184543,0.225948,0.130844,0.143758,0.137819,2.017169,2.212780,2.161759,0.802923,1.118384,0.876317,1.066811,1.033358,2.067363,2.034139,2.036189,0.630280,0.787871,0.852862,1.051306,0.979888,1.331749,1.247901,1.152296,1.088432,0.838191,1.031777,0.976304,0.880523,0.082569,0.061055,0.090399,0.038394,0.037182,0.039297,0.039500,0.042315
3440740.013410,0.434778,0.468725,0.409491,0.173732,0.214330,0.128187,0.135430,0.130322,1.906814,2.089359,2.055428,0.770711,1.056046,0.855451,1.045528,1.003953,1.969853,1.916085,1.927248,0.623379,0.774562,0.844844,1.033540,0.970973,1.323656,1.237571,1.166685,1.098025,0.870008,1.049013,1.006675,0.913544,0.078421,0.062098,0.091219,0.041728,0.038267,0.037636,0.043644,0.045393
3440740.023409,0.413627,0.435723,0.381867,0.165312,0.200406,0.123066,0.133620,0.127495,1.807391,1.972555,1.958022,0.745759,1.002543,0.844328,1.032312,0.985239,1.889674,1.802354,1.830445,0.620236,0.760441,0.824114,1.002612,0.950499,1.318996,1.229485,1.186041,1.109994,0.905912,1.073520,1.042993,0.953141,0.078531,0.059232,0.087880,0.039533,0.039180,0.040609,0.047301,0.048742
3440740.033409,0.397222,0.408135,0.360246,0.171924,0.189108,0.123646,0.153105,0.144244,1.730094,1.867129,1.868874,0.730948,0.960595,0.839263,1.029578,0.978188,1.821569,1.696387,1.749010,0.628504,0.741573,0.790467,0.951648,0.913756,1.317832,1.225773,1.211648,1.119949,0.946861,1.104088,1.078861,0.996374,0.075892,0.059520,0.086450,0.039590,0.041156,0.045012,0.045914,0.047127
3440740.043409,0.380163,0.384344,0.338623,0.168918,0.188771,0.143392,0.156586,0.147143,1.660484,1.775681,1.781694,0.711502,0.932026,0.844120,1.013926,0.961359,1.760183,1.602541,1.674804,0.648939,0.716493,0.737867,0.884888,0.861783,1.315268,1.226136,1.239197,1.129097,0.992302,1.132754,1.115189,1.043248,0.074769,0.058804,0.084719,0.039898,0.039450,0.044127,0.045924,0.045772
3440740.053409,0.359637,0.359884,0.315656,0.166153,0.184111,0.146061,0.160724,0.149872,1.601923,1.692457,1.697250,0.694256,0.903093,0.837336,0.999433,0.945490,1.703736,1.525356,1.605051,0.672505,0.682708,0.705165,0.874458,0.826730,1.307593,1.231926,1.267182,1.132269,1.043369,1.159886,1.140626,1.081262,0.072623,0.058464,0.083794,0.041758,0.038050,0.045330,0.046830,0.047243
3440740.063409,0.340630,0.337143,0.309278,0.156044,0.176816,0.149232,0.149925,0.140742,1.547593,1.611355,1.629900,0.674737,0.873902,0.831888,0.979259,0.925301,1.652182,1.457097,1.528607,0.702273,0.650210,0.742412,0.934284,0.875682,1.299824,1.239608,1.306347,1.127948,1.091302,1.176546,1.151041,1.104778,0.072939,0.059456,0.087470,0.041886,0.038853,0.045656,0.046032,0.046996
3440740.073409,0.331607,0.318668,0.312804,0.145605,0.168639,0.139050,0.141941,0.137225,1.516762,1.534626,1.573348,0.658041,0.845859,0.821676,0.956137,0.898377,1.588052,1.397751,1.446337,0.728987,0.625883,0.792294,0.990665,0.924429,1.306603,1.244695,1.349528,1.124484,1.129977,1.181265,1.156180,1.119594,0.071631,0.057771,0.089508,0.041090,0.038612,0.044063,0.044787,0.046099
3440740.083409,0.325956,0.309314,0.352005,0.138839,0.156927,0.131937,0.138240,0.133457,1.497279,1.470023,1.585718,0.645157,0.814432,0.809799,0.933865,0.872472,1.517967,1.335774,1.380889,0.750967,0.635336,0.838372,1.039650,0.970010,1.325885,1.257004,1.400165,1.125479,1.163301,1.182862,1.162488,1.131651,0.076238,0.059005,0.096775,0.042927,0.037117,0.042747,0.044072,0.045183
3440740.290529,0.387972,0.305736,0.370913,0.164793,0.150949,0.130550,0.147598,0.141839,1.552997,1.415995,1.615808,0.662945,0.785134,0.798189,0.926435,0.862270,1.454242,1.270480,1.348222,0.743002,0.641694,0.876713,1.092851,1.021618,1.365515,1.276106,1.449460,1.127311,1.194649,1.187368,1.168718,1.144342,0.082069,0.061920,0.099344,0.044168,0.037473,0.042569,0.043873,0.045838
3440740.300529,0.423135,0.349406,0.397439,0.180011,0.165422,0.143092,0.155001,0.148899,1.622884,1.427376,1.696115,0.687636,0.785849,0.801388,0.923649,0.857288,1.483828,1.216632,1.363020,0.722686,0.661948,0.919498,1.151149,1.078629,1.416583,1.309670,1.455127,1.131319,1.231139,1.191290,1.174347,1.157201,0.094194,0.066413,0.097289,0.045166,0.040485,0.042332,0.045293,0.047144
3440740.310529,0.470156,0.369956,0.392244,0.211756,0.171542,0.153280,0.177831,0.171614,1.744760,1.457174,1.780450,0.737493,0.795939,0.809143,0.939274,0.871619,1.553625,1.197585,1.401286,0.755778,0.714423,0.968384,1.218867,1.144968,1.426354,1.350400,1.437968,1.112034,1.268618,1.194667,1.163373,1.153069,0.096226,0.072553,0.096154,0.043753,0.042884,0.044102,0.044915,0.047121
3440740.320529,0.477606,0.404137,0.377042,0.220896,0.192873,0.176270,0.180815,0.175098,1.868003,1.537351,1.869423,0.792372,0.831758,0.832386,0.960624,0.890942,1.650750,1.222173,1.453601,0.829483,0.779792,1.027815,1.297943,1.221307,1.413615,1.352302,1.411966,1.076324,1.283191,1.182534,1.135468,1.132448,0.098726,0.073727,0.093622,0.046790,0.043208,0.044609,0.048500,0.050721
3440740.330529,0.472606,0.401690,0.371761,0.222216,0.191086,0.179329,0.182109,0.176006,1.993783,1.624464,1.952448,0.855778,0.873360,0.859931,0.988023,0.915156,1.753278,1.273991,1.526347,0.893848,0.856905,1.099441,1.371556,1.292451,1.387321,1.332688,1.383433,1.045492,1.279477,1.154181,1.110088,1.109907,0.094389,0.077198,0.090795,0.045765,0.045931,0.046870,0.046474,0.047385
3440740.340529,0.484062,0.388178,0.367542,0.222955,0.186641,0.179600,0.177214,0.171927,2.113576,1.717728,2.026767,0.920577,0.914637,0.889420,1.018771,0.940836,1.869426,1.335026,1.597797,0.949529,0.931051,1.168194,1.436941,1.356326,1.353395,1.301041,1.358916,1.026772,1.267906,1.125907,1.097073,1.092805,0.092359,0.073392,0.089980,0.046676,0.043743,0.044573,0.043391,0.044645
3440740.350529,0.497011,0.385058,0.364752,0.225321,0.183280,0.177280,0.174133,0.168651,2.225494,1.808218,2.096143,0.984133,0.954403,0.920339,1.048499,0.966864,1.982948,1.407632,1.664014,0.995073,0.999157,1.230458,1.493440,1.412046,1.327617,1.265038,1.336013,1.014873,1.254064,1.105920,1.089453,1.080215,0.090616,0.072500,0.086503,0.045432,0.041417,0.041331,0.043208,0.044288
3440740.360529,0.516859,0.383454,0.362177,0.239492,0.181161,0.176072,0.182134,0.173781,2.332905,1.892096,2.160321,1.049468,0.990322,0.950566,1.082210,0.995257,2.100497,1.478412,1.725261,1.026145,1.061035,1.284590,1.536294,1.457669,1.313715,1.234788,1.314824,1.006360,1.242200,1.090809,1.082592,1.070306,0.087866,0.069368,0.084679,0.045481,0.040130,0.040948,0.043529,0.044745
3440740.533138,0.535269,0.386628,0.360499,0.252660,0.180059,0.184383,0.189588,0.178564,2.432314,1.972392,2.221083,1.109961,1.024172,0.983729,1.113445,1.021555,2.209249,1.550275,1.781372,1.054891,1.118041,1.327545,1.575939,1.499875,1.300844,1.211412,1.293645,0.998435,1.231313,1.076992,1.076196,1.061113,0.085296,0.068445,0.083016,0.045547,0.039023,0.041456,0.043799,0.045151
3440740.543138,0.545300,0.389591,0.355753,0.254885,0.179043,0.192112,0.187132,0.177230,2.519399,2.046695,2.282971,1.159147,1.055486,1.014445,1.135950,1.041804,2.316390,1.616760,1.826679,1.071445,1.170772,1.367284,1.601829,1.531970,1.294660,1.189780,1.268731,0.994199,1.221242,1.064173,1.070800,1.054471,0.085582,0.067615,0.080706,0.043743,0.037997,0.041908,0.042871,0.043135
3440740.553138,0.552145,0.388057,0.348278,0.259123,0.176409,0.191468,0.186019,0.177594,2.600415,2.112969,2.342556,1.201518,1.083544,1.037369,1.152095,1.057446,2.417366,1.682610,1.863610,1.083366,1.217603,1.395015,1.620658,1.558143,1.287749,1.173021,1.239929,0.993056,1.213107,1.053336,1.068071,1.051185,0.084250,0.065762,0.081943,0.042936,0.036403,0.040170,0.040918,0.040651
3440740.563138,0.555676,0.388023,0.339918,0.263408,0.175160,0.193011,0.186485,0.179684,2.680222,2.174692,2.398669,1.245721,1.109985,1.054753,1.169978,1.076725,2.508583,1.741930,1.893706,1.094840,1.261562,1.416647,1.636434,1.581241,1.280363,1.157617,1.215309,0.996331,1.205617,1.046773,1.069170,1.052842,0.082161,0.063023,0.082832,0.041729,0.034954,0.038665,0.039395,0.039220
3440740.573138,0.558568,0.385516,0.326655,0.265887,0.173221,0.195953,0.184243,0.177065,2.754243,2.236892,2.460866,1.288763,1.135754,1.075562,1.189947,1.099283,2.594189,1.794933,1.920828,1.111360,1.304579,1.436137,1.649851,1.601888,1.273026,1.142787,1.191740,1.002209,1.197171,1.045307,1.074339,1.060657,0.079847,0.062092,0.082196,0.041438,0.034541,0.037342,0.039250,0.039568
3440740.583138,0.553502,0.382437,0.314366,0.255211,0.170212,0.196913,0.174176,0.167844,2.830705,2.295595,2.518421,1.339448,1.161025,1.097481,1.221711,1.133749,2.664765,1.843605,1.947802,1.139254,1.344245,1.452897,1.650268,1.609425,1.267096,1.130572,1.169894,1.005636,1.191211,1.047296,1.078294,1.071386,0.077520,0.061892,0.081595,0.040268,0.035349,0.038119,0.038419,0.037088
3440740.593138,0.548781,0.367934,0.323088,0.245285,0.161796,0.184192,0.164924,0.159371,2.901452,2.362910,2.579556,1.386353,1.195133,1.130757,1.251114,1.165656,2.730018,1.875533,2.020811,1.165020,1.371437,1.456523,1.650631,1.616375,1.261583,1.122645,1.156815,1.008756,1.188225,1.047216,1.081890,1.081255,0.075334,0.061296,0.084263,0.039136,0.035142,0.037585,0.037839,0.036024
3440740.603138,0.546983,0.354472,0.330561,0.241653,0.156942,0.172437,0.168581,0.165410,2.971734,2.425204,2.635982,1.436476,1.226705,1.161562,1.289333,1.205174,2.785402,1.905015,2.095224,1.182825,1.396580,1.459857,1.636423,1.607941,1.254123,1.115268,1.144198,1.007072,1.185421,1.047081,1.085876,1.096391,0.075943,0.060692,0.082407,0.042770,0.034901,0.037031,0.040998,0.038709
3440740.837140,0.554466,0.355412,0.333263,0.245769,0.159303,0.171585,0.172126,0.169669,3.046212,2.490820,2.687424,1.491480,1.264206,1.198800,1.326402,1.241580,2.827464,1.929574,2.170482,1.190943,1.406313,1.450902,1.614728,1.591879,1.239882,1.114064,1.128045,0.996513,1.189011,1.044801,1.086159,1.110085,0.072564,0.063810,0.081093,0.042591,0.037634,0.040766,0.040241,0.038025
3440740.847140,0.557647,0.361914,0.332719,0.247958,0.165288,0.174992,0.172631,0.171484,3.115792,2.557626,2.721259,1.542448,1.301002,1.238299,1.359447,1.274203,2.864979,1.950753,2.252425,1.198369,1.408530,1.435193,1.585878,1.567503,1.221863,1.109789,1.104025,0.982898,1.191511,1.036314,1.082373,1.119413,0.070006,0.062512,0.078827,0.042510,0.036331,0.039612,0.041155,0.039205
3440740.857140,0.557254,0.363844,0.332772,0.248348,0.167507,0.175895,0.169938,0.167787,3.162358,2.618936,2.757512,1.585637,1.333140,1.273042,1.382726,1.295269,2.914834,1.970199,2.315513,1.208926,1.404073,1.414573,1.552502,1.536451,1.198194,1.103681,1.083720,0.968453,1.193583,1.025851,1.076072,1.124546,0.066516,0.061703,0.079889,0.042620,0.037325,0.040379,0.042017,0.039738
3440740.867140,0.550956,0.363336,0.342686,0.243616,0.169375,0.176081,0.166362,0.163746,3.209925,2.662978,2.778904,1.629794,1.355117,1.301732,1.405964,1.315430,2.948669,1.997899,2.366710,1.213030,1.393185,1.392295,1.523514,1.508678,1.173542,1.094322,1.076145,0.961098,1.194148,1.016216,1.072733,1.130085,0.064076,0.060257,0.082417,0.040595,0.036803,0.041940,0.040679,0.038979
3440740.877140,0.549498,0.359280,0.367256,0.238706,0.169877,0.175569,0.167712,0.158562,3.255014,2.708162,2.797728,1.673007,1.377187,1.330971,1.437441,1.342417,2.973389,2.020332,2.399288,1.211279,1.385747,1.374012,1.497409,1.483451,1.164126,1.083168,1.119873,0.963636,1.196247,1.011501,1.073854,1.139638,0.071369,0.058246,0.078799,0.044612,0.035925,0.040652,0.041189,0.039714
3440740.887140,0.582260,0.361291,0.375817,0.266025,0.179402,0.164550,0.170907,0.165124,3.302438,2.748581,2.800730,1.723245,1.403038,1.369453,1.480476,1.379063,2.974962,2.039997,2.416319,1.186806,1.382793,1.357561,1.482119,1.467396,1.179816,1.082293,1.160248,0.981067,1.205342,1.011821,1.085766,1.159641,0.076680,0.065295,0.082055,0.046648,0.038739,0.041248,0.043731,0.042289
3440740.897140,0.610209,0.419848,0.384229,0.289007,0.199492,0.176927,0.185400,0.180003,3.345008,2.804651,2.789199,1.766683,1.440277,1.416271,1.525881,1.419267,2.971011,2.087039,2.418420,1.161274,1.388970,1.350765,1.465536,1.448300,1.196622,1.121576,1.184678,0.999277,1.234726,1.023229,1.093526,1.174664,0.084313,0.070289,0.083598,0.051443,0.041752,0.043640,0.047759,0.045478
3440740.907140,0.632241,0.470397,0.400498,0.318964,0.226855,0.190604,0.202266,0.195586,3.394649,2.855700,2.753039,1.815785,1.475467,1.463264,1.578842,1.467044,2.934696,2.171099,2.395683,1.122598,1.394119,1.342613,1.440342,1.418918,1.189627,1.167701,1.186998,0.997739,1.265695,1.031452,1.086056,1.174622,0.083450,0.077760,0.087330,0.051232,0.044797,0.048273,0.046531,0.044256
3440741.119221,0.622363,0.515298,0.431724,0.323130,0.251540,0.211474,0.193821,0.188125,3.405563,2.917406,2.710573,1.844669,1.516828,1.515467,1.612212,1.496070,2.912048,2.282098,2.485783,1.102502,1.385364,1.324357,1.416618,1.389526,1.171997,1.198429,1.188257,0.983705,1.284536,1.024233,1.067645,1.163371,0.083203,0.077688,0.095304,0.048401,0.043203,0.046891,0.045756,0.042946
3440741.129221,0.605221,0.537230,0.462469,0.333060,0.259200,0.202382,0.188724,0.185787,3.415867,2.958032,2.668633,1.862679,1.542924,1.544872,1.637241,1.515564,2.880461,2.406831,2.590164,1.093031,1.371406,1.307993,1.389156,1.358232,1.136324,1.222826,1.199691,0.962150,1.295027,1.007842,1.038495,1.142034,0.087095,0.074602,0.096765,0.049248,0.040716,0.045319,0.047876,0.045627
3440741.139221,0.606685,0.563902,0.471821,0.352580,0.278444,0.193234,0.209606,0.205358,3.409199,2.986934,2.631937,1.867441,1.555570,1.566901,1.641713,1.516476,2.858268,2.530927,2.708367,1.095397,1.357556,1.287517,1.346926,1.314634,1.087963,1.239947,1.217437,0.930349,1.299327,0.982296,0.992411,1.104901,0.088997,0.076579,0.098366,0.050234,0.043268,0.047046,0.047920,0.046113
3440741.149221,0.609486,0.596439,0.481302,0.369170,0.305882,0.206594,0.218642,0.213391,3.402827,3.004775,2.602999,1.864204,1.556983,1.569626,1.632606,1.504628,2.881156,2.655031,2.818463,1.150310,1.335601,1.253602,1.302886,1.269256,1.044196,1.246604,1.236055,0.889991,1.291940,0.941047,0.939663,1.057943,0.090106,0.079430,0.102788,0.049686,0.044526,0.046911,0.048008,0.046135
3440741.159221,0.610923,0.621544,0.499464,0.383008,0.325090,0.212917,0.227050,0.219260,3.393915,3.014502,2.578493,1.862681,1.549383,1.563553,1.621179,1.494244,2.993511,2.779586,2.908770,1.237355,1.305254,1.218423,1.258999,1.226397,1.011819,1.241654,1.255025,0.850809,1.271063,0.893569,0.893242,1.012058,0.093200,0.079557,0.105602,0.047599,0.043486,0.046334,0.045611,0.043811
3440741.169221,0.622966,0.644282,0.469223,0.393121,0.339275,0.220001,0.231637,0.224575,3.396962,3.026733,2.514004,1.860248,1.548060,1.555212,1.607875,1.485176,3.076015,2.892617,2.952513,1.319584,1.275393,1.183886,1.225371,1.186986,0.977941,1.235866,1.271620,0.815515,1.244832,0.851738,0.852357,0.968637,0.095215,0.079361,0.117874,0.048062,0.041772,0.044604,0.044685,0.043447
3440741.179221,0.583932,0.676896,0.449027,0.386503,0.358030,0.223235,0.218407,0.213973,3.369302,3.045854,2.439613,1.841797,1.551768,1.544640,1.585991,1.468604,3.103301,2.986103,2.964467,1.376327,1.249248,1.150795,1.224106,1.164174,0.969436,1.224297,1.256823,0.765246,1.214017,0.815692,0.802769,0.916426,0.103040,0.082794,0.125825,0.052390,0.042764,0.043800,0.045073,0.044665
3440741.189221,0.606523,0.666511,0.475302,0.377811,0.357283,0.212433,0.206259,0.201012,3.350567,3.039201,2.315002,1.819950,1.544692,1.523149,1.561665,1.450985,3.089229,3.032138,2.929445,1.417742,1.240565,1.135300,1.222490,1.149649,0.976164,1.205363,1.205460,0.710575,1.169979,0.775386,0.749909,0.860396,0.107165,0.095972,0.126872,0.051793,0.047129,0.044278,0.045461,0.046124
3440741.488082,0.617919,0.649045,0.496002,0.373610,0.350138,0.199153,0.219220,0.211473,3.298526,3.033678,2.187413,1.773650,1.537060,1.498060,1.526671,1.420746,2.999388,3.048311,2.890091,1.420773,1.236600,1.127483,1.211414,1.145829,0.986167,1.164801,1.169424,0.690278,1.114534,0.732865,0.713531,0.818245,0.115958,0.094641,0.130069,0.051609,0.047615,0.043823,0.047098,0.047818
3440741.498082,0.647614,0.649022,0.510335,0.370705,0.352810,0.210416,0.228509,0.218775,3.237555,2.992670,2.047331,1.722460,1.510737,1.459043,1.485643,1.385137,2.897897,3.001643,2.835123,1.413385,1.237883,1.125132,1.204919,1.145925,1.008619,1.094952,1.153146,0.680838,1.056898,0.694509,0.689754,0.787884,0.118198,0.095151,0.130688,0.052104,0.047706,0.045490,0.044802,0.044635
3440741.508082,0.661688,0.651418,0.516257,0.386608,0.356855,0.217292,0.245153,0.230999,3.170601,2.943773,1.912792,1.660317,1.478430,1.412956,1.439845,1.344874,2.766304,2.942057,2.788054,1.388034,1.239675,1.125928,1.193196,1.137305,1.005617,1.033597,1.142735,0.671998,1.011317,0.686694,0.671883,0.763465,0.119267,0.095149,0.128568,0.050519,0.048928,0.043529,0.045546,0.043176
3440741.518082,0.657803,0.673046,0.518658,0.380936,0.371335,0.232528,0.242141,0.231013,3.081782,2.881823,1.785482,1.583249,1.438856,1.360131,1.380212,1.297282,2.621397,2.863215,2.740771,1.345423,1.230381,1.113747,1.195839,1.125675,0.990168,0.984814,1.130527,0.670927,0.979784,0.693414,0.688433,0.746298,0.114922,0.094644,0.127378,0.052825,0.047547,0.042884,0.045698,0.042873
3440741.528082,0.646303,0.675617,0.518027,0.371272,0.373832,0.226873,0.239409,0.232011,2.994423,2.808276,1.670222,1.505728,1.393115,1.293497,1.322869,1.252981,2.477412,2.775036,2.698649,1.301623,1.217139,1.095404,1.200903,1.114391,0.964405,0.949856,1.118958,0.665915,0.958095,0.713426,0.709403,0.731332,0.116360,0.097639,0.129525,0.050417,0.045112,0.042618,0.045806,0.043393
3440741.538082,0.652356,0.669394,0.519457,0.363929,0.375880,0.222153,0.239244,0.232104,2.898084,2.734474,1.560758,1.425989,1.349953,1.230328,1.268051,1.214387,2.332805,2.692646,2.655791,1.252213,1.203410,1.099307,1.208557,1.105806,0.931870,0.912001,1.110192,0.660108,0.938692,0.733559,0.727920,0.720112,0.115252,0.097154,0.131517,0.049291,0.044204,0.041692,0.047062,0.044937
3440741.548082,0.659977,0.666009,0.522255,0.358351,0.378053,0.220046,0.239208,0.232058,2.807338,2.659484,1.467553,1.352874,1.312900,1.170446,1.219589,1.180210,2.340055,2.611002,2.620458,1.254861,1.191781,1.122502,1.218367,1.098056,0.904609,0.874975,1.094449,0.667872,0.923957,0.751130,0.743308,0.710715,0.115819,0.096395,0.133415,0.047156,0.044017,0.041931,0.047325,0.044872
3440741.558082,0.666733,0.662973,0.532950,0.347151,0.378696,0.218319,0.232166,0.224970,2.724579,2.589222,1.378498,1.291415,1.278478,1.115850,1.187293,1.159598,2.346531,2.535810,2.577534,1.282842,1.183190,1.145104,1.225404,1.086848,0.878445,0.839580,1.069538,0.668939,0.912484,0.766822,0.746688,0.700727,0.115149,0.094915,0.134519,0.047396,0.043427,0.042471,0.046934,0.044376
3440741.706138,0.677417,0.654525,0.542516,0.346983,0.371538,0.211538,0.236329,0.229198,2.649308,2.530561,1.296327,1.231585,1.253374,1.074932,1.156352,1.138011,2.345436,2.463788,2.536227,1.299091,1.171271,1.162004,1.220214,1.079130,0.845052,0.808008,1.048407,0.661174,0.903323,0.772312,0.738833,0.695115,0.115918,0.095609,0.135540,0.045905,0.042778,0.042510,0.046110,0.044456
3440741.716138,0.688260,0.656331,0.539597,0.348983,0.373538,0.215697,0.240238,0.232581,2.581398,2.474623,1.224231,1.176063,1.227084,1.034740,1.126250,1.115790,2.341044,2.404196,2.492298,1.310115,1.160140,1.165672,1.210354,1.071899,0.811610,0.785815,1.037766,0.653316,0.898674,0.767196,0.728984,0.689592,0.116670,0.094148,0.136144,0.044657,0.042211,0.045155,0.045186,0.042733
3440741.726138,0.687540,0.660886,0.541177,0.349429,0.376938,0.220561,0.238793,0.231392,2.517573,2.424920,1.152376,1.121150,1.202553,0.996846,1.094834,1.090713,2.330191,2.348642,2.440832,1.312745,1.147027,1.164265,1.192441,1.060920,0.781583,0.763869,1.032546,0.651434,0.892687,0.761532,0.725459,0.679275,0.118726,0.092863,0.142492,0.043452,0.042148,0.043332,0.044830,0.042812
3440741.736138,0.688316,0.663167,0.542775,0.350676,0.379720,0.220291,0.234794,0.226788,2.456371,2.376250,1.087802,1.072013,1.175398,0.958350,1.060628,1.060494,2.320743,2.300185,2.392771,1.313107,1.126864,1.155075,1.170729,1.046502,0.759590,0.738807,1.026027,0.648626,0.880132,0.761663,0.726043,0.676935,0.122476,0.091084,0.146976,0.045231,0.040996,0.044583,0.048473,0.046738
3440741.746138,0.691051,0.664240,0.546000,0.335939,0.376971,0.218802,0.229475,0.221052,2.399503,2.330409,1.028669,1.024404,1.144006,0.921717,1.025027,1.026883,2.303107,2.255387,2.346922,1.298339,1.102034,1.144363,1.139618,1.023659,0.745999,0.724952,1.018858,0.638062,0.862348,0.762024,0.721698,0.675694,0.125221,0.092556,0.150008,0.045045,0.039581,0.048603,0.047802,0.046030
3440741.756138,0.698692,0.653847,0.541120,0.338188,0.366326,0.212467,0.244266,0.235760,2.337492,2.284229,0.966275,0.965774,1.109241,0.886355,0.968972,0.973531,2.287332,2.210709,2.298676,1.280564,1.074515,1.119902,1.092757,0.983115,0.725671,0.710716,1.008209,0.619247,0.842995,0.753753,0.703867,0.662293,0.126102,0.093881,0.151834,0.043370,0.038151,0.048735,0.046823,0.045102
3440741.766138,0.692064,0.653439,0.524859,0.338206,0.368799,0.224268,0.247421,0.239824,2.273719,2.232219,0.911752,0.906981,1.065759,0.834737,0.914092,0.926043,2.285489,2.174660,2.246044,1.267777,1.043095,1.087759,1.054366,0.933776,0.726497,0.689023,1.005804,0.594274,0.824642,0.731944,0.676331,0.639667,0.126079,0.092207,0.151543,0.043187,0.036241,0.047757,0.049432,0.047378
3440741.776138,0.673418,0.651024,0.507723,0.338845,0.368858,0.226929,0.247892,0.242037,2.203435,2.181471,0.870610,0.846382,1.025578,0.779340,0.858818,0.879061,2.282746,2.149009,2.201042,1.272113,1.019327,1.065023,1.015896,0.890976,0.724476,0.661688,0.994232,0.570140,0.809581,0.701324,0.648307,0.617502,0.126980,0.091328,0.155423,0.042408,0.036797,0.051003,0.046908,0.045162
3440741.928828,0.653147,0.651491,0.485804,0.344036,0.370281,0.226666,0.248993,0.245035,2.139306,2.121845,0.847064,0.825738,0.983075,0.724900,0.807650,0.834639,2.258075,2.126933,2.153575,1.323486,1.048216,1.045255,0.980619,0.850778,0.731231,0.644442,0.965352,0.550907,0.800247,0.669696,0.620598,0.615799,0.124423,0.088837,0.160036,0.041440,0.035783,0.048376,0.045303,0.043341
3440741.938828,0.619342,0.664786,0.478252,0.328770,0.377879,0.229301,0.240753,0.237442,2.054662,2.059655,0.817921,0.795906,0.939073,0.675106,0.754974,0.790005,2.215691,2.092194,2.091017,1.354374,1.068158,1.025967,1.001524,0.885204,0.753455,0.616847,0.936800,0.531935,0.785109,0.635446,0.622732,0.608231,0.124098,0.087146,0.160634,0.042415,0.036568,0.048259,0.046378,0.044242
3440741.948828,0.591947,0.639171,0.458249,0.314366,0.365064,0.222966,0.231143,0.228674,1.978543,1.959764,0.777666,0.765800,0.881166,0.629931,0.704001,0.746327,2.162955,2.028891,2.022901,1.376476,1.070670,1.010498,1.033914,0.914369,0.780705,0.584089,0.907915,0.521068,0.753781,0.595243,0.640293,0.603873,0.122433,0.091079,0.152383,0.042943,0.040464,0.050142,0.044320,0.042016
3440741.958828,0.579501,0.621185,0.451610,0.298368,0.351388,0.213154,0.222009,0.220032,1.892916,1.853520,0.753546,0.722233,0.822614,0.592769,0.656370,0.705296,2.095476,1.949710,1.928241,1.385235,1.067034,1.027863,1.062640,0.940021,0.812927,0.565874,0.875839,0.524075,0.726634,0.576939,0.656735,0.601336,0.124984,0.092470,0.153018,0.043276,0.039154,0.048304,0.042767,0.040243
3440741.968828,0.563000,0.578566,0.428584,0.284201,0.334758,0.206614,0.213691,0.211594,1.804532,1.723748,0.730752,0.686101,0.771683,0.562586,0.612633,0.666676,2.027835,1.846696,1.831399,1.392745,1.056645,1.038794,1.090212,0.964553,0.843864,0.581855,0.859834,0.528116,0.707445,0.578542,0.672237,0.597760,0.123605,0.094276,0.154864,0.042199,0.038555,0.047128,0.040981,0.038510
3440741.978828,0.540491,0.543442,0.417499,0.272513,0.319270,0.200700,0.210759,0.208000,1.703642,1.599592,0.726835,0.676251,0.724429,0.533308,0.574016,0.631350,1.943519,1.746315,1.725310,1.402059,1.047344,1.048810,1.112119,0.984613,0.853370,0.595088,0.861239,0.529138,0.689555,0.581532,0.682526,0.592248,0.121014,0.093204,0.155253,0.040604,0.038548,0.046683,0.040639,0.037979
3440741.988828,0.513042,0.514494,0.407319,0.257663,0.306361,0.200421,0.201487,0.199572,1.603322,1.485539,0.723258,0.667511,0.681464,0.511559,0.550178,0.610566,1.865489,1.647483,1.627161,1.411058,1.039923,1.053111,1.121552,0.992195,0.855400,0.600876,0.862668,0.527283,0.671994,0.591410,0.680486,0.590715,0.117436,0.091706,0.155557,0.039274,0.037833,0.047010,0.039242,0.038498
3440741.998828,0.487625,0.480070,0.385501,0.243911,0.289134,0.189235,0.192946,0.191805,1.510500,1.381881,0.731802,0.659431,0.650071,0.492257,0.528183,0.591391,1.793305,1.549135,1.525152,1.419388,1.028504,1.047082,1.130219,0.999159,0.857252,0.600853,0.856711,0.525553,0.659438,0.598586,0.678571,0.589276,0.114103,0.088905,0.160138,0.038619,0.039101,0.043937,0.039715,0.039915
3440742.269028,0.465531,0.448197,0.365412,0.240498,0.273221,0.178889,0.184424,0.183462,1.425523,1.286026,0.739807,0.643180,0.621077,0.474444,0.510055,0.575687,1.727586,1.458140,1.430730,1.419356,1.017956,1.041452,1.138565,1.003975,0.859369,0.600804,0.851104,0.526895,0.647806,0.605211,0.665004,0.596376,0.110913,0.086321,0.164373,0.038325,0.040238,0.041123,0.040881,0.039418
3440742.279028,0.445100,0.427659,0.344949,0.237376,0.258639,0.175685,0.176579,0.175783,1.346918,1.196349,0.748456,0.628111,0.594703,0.449435,0.493318,0.561190,1.666801,1.370465,1.346015,1.419309,0.999300,1.038563,1.146271,1.008409,0.861321,0.594831,0.840298,0.528126,0.644500,0.601121,0.652424,0.602956,0.107962,0.086836,0.162724,0.038605,0.042772,0.043805,0.043568,0.041273
3440742.289028,0.424415,0.408697,0.334887,0.231102,0.245184,0.172761,0.175579,0.174418,1.288896,1.113431,0.765551,0.615334,0.570330,0.426295,0.484051,0.553147,1.608914,1.289338,1.300637,1.414028,0.982025,1.035879,1.149621,1.008313,0.872132,0.589267,0.813509,0.533337,0.641452,0.611355,0.639699,0.609454,0.105073,0.087281,0.160801,0.036449,0.045126,0.046264,0.042852,0.040759
3440742.299028,0.400798,0.388179,0.317680,0.228388,0.236529,0.172055,0.177429,0.177931,1.237046,1.055405,0.774733,0.598516,0.550545,0.403953,0.479153,0.548002,1.553000,1.238711,1.281011,1.405666,0.963180,1.033511,1.153646,1.007916,0.882900,0.581207,0.776867,0.532625,0.640341,0.621774,0.634819,0.613831,0.103545,0.087444,0.160036,0.037389,0.043349,0.045562,0.040912,0.040209
3440742.309028,0.378800,0.376387,0.302267,0.222990,0.234928,0.173254,0.182457,0.181883,1.202721,1.008865,0.782833,0.584493,0.534572,0.381198,0.478193,0.544584,1.507610,1.193502,1.264611,1.396209,0.942576,1.032239,1.154149,1.006273,0.880845,0.567011,0.753123,0.528340,0.638726,0.628443,0.632242,0.614623,0.104181,0.086551,0.158171,0.037347,0.041501,0.044397,0.041046,0.038904
3440742.319028,0.357100,0.355940,0.289137,0.212269,0.227417,0.179313,0.179223,0.179203,1.171149,0.959392,0.792188,0.570696,0.516538,0.364898,0.484870,0.546232,1.459946,1.146213,1.247292,1.391175,0.921505,1.026689,1.146893,0.998690,0.869304,0.553620,0.759254,0.522238,0.636221,0.633385,0.627289,0.609172,0.101681,0.082966,0.158148,0.037757,0.042630,0.044455,0.041659,0.039270
3440742.329028,0.332387,0.335531,0.273653,0.202327,0.217415,0.176235,0.174828,0.175447,1.134831,0.914392,0.807639,0.557028,0.502396,0.356658,0.492998,0.548740,1.416198,1.105614,1.223307,1.386850,0.906083,1.018721,1.136943,0.989206,0.854406,0.547432,0.771203,0.517305,0.629127,0.637382,0.617810,0.604797,0.099246,0.081687,0.158233,0.037039,0.042385,0.045213,0.042596,0.040187
3440742.339028,0.309980,0.313484,0.259228,0.191481,0.207323,0.172284,0.166372,0.168031,1.100418,0.870194,0.821371,0.544590,0.489769,0.351855,0.504767,0.554390,1.375202,1.070339,1.191411,1.385385,0.893279,1.031474,1.121103,0.974039,0.838825,0.542674,0.790680,0.515068,0.622322,0.644805,0.603638,0.606259,0.098265,0.077863,0.160373,0.037422,0.043864,0.045793,0.042346,0.040024
3440742.517503,0.295921,0.291708,0.274005,0.182105,0.194819,0.165950,0.161772,0.165837,1.074985,0.828845,0.854399,0.533816,0.481394,0.350960,0.514400,0.557642,1.342019,1.040909,1.133104,1.384733,0.884066,1.047731,1.104147,0.956512,0.827543,0.535731,0.797200,0.513539,0.618809,0.656602,0.598763,0.612719,0.096864,0.075949,0.151721,0.038485,0.044404,0.045990,0.041878,0.039638
3440742.527503,0.293796,0.283894,0.327221,0.178857,0.187471,0.160782,0.161878,0.168571,1.059861,0.792256,0.895554,0.524276,0.473355,0.350351,0.526090,0.562951,1.311001,1.023582,1.139102,1.382735,0.878854,1.063504,1.085316,0.941060,0.810574,0.520450,0.778657,0.515402,0.619803,0.668449,0.604696,0.619244,0.095460,0.076660,0.144921,0.037666,0.044095,0.045535,0.040923,0.039650
3440742.537503,0.353447,0.287738,0.362650,0.188070,0.187389,0.160954,0.168443,0.178540,1.126621,0.786524,0.931835,0.542815,0.470614,0.353563,0.529213,0.559456,1.342001,1.009602,1.231869,1.393642,0.873772,1.075797,1.088923,0.961248,0.793958,0.514724,0.751013,0.537816,0.624743,0.676880,0.611136,0.628401,0.102227,0.076375,0.157896,0.040134,0.043306,0.044357,0.042796,0.042017
3440742.547503,0.404156,0.332220,0.403536,0.189834,0.204718,0.164246,0.166329,0.177991,1.209680,0.839032,1.010664,0.567831,0.476698,0.354416,0.521779,0.546082,1.416933,1.036407,1.382776,1.414382,0.883675,1.093388,1.118184,0.989099,0.796277,0.564267,0.783256,0.570062,0.645117,0.677843,0.617676,0.638721,0.113238,0.083233,0.159878,0.043435,0.042765,0.046170,0.046027,0.046150
3440742.557503,0.469386,0.360820,0.399024,0.211171,0.210149,0.159385,0.185976,0.194755,1.369467,0.900360,1.078643,0.623190,0.481401,0.349244,0.523321,0.547377,1.566574,1.086746,1.552423,1.432667,0.907199,1.117825,1.136625,1.009944,0.816209,0.637083,0.850464,0.590202,0.673151,0.673320,0.609050,0.628091,0.117210,0.092428,0.164593,0.042584,0.051260,0.048130,0.043812,0.044281
3440742.567503,0.498254,0.402523,0.379847,0.211035,0.229876,0.176690,0.188202,0.194089,1.528967,1.018959,1.152105,0.682045,0.514003,0.364218,0.519558,0.546000,1.732138,1.227391,1.727130,1.460152,0.932198,1.134315,1.159371,1.037008,0.849880,0.696857,0.899327,0.598549,0.685042,0.645795,0.601348,0.607894,0.121860,0.094840,0.157969,0.047329,0.053108,0.044764,0.046808,0.046030
3440742.577503,0.498450,0.402348,0.381334,0.211599,0.224436,0.179809,0.197402,0.198422,1.704045,1.135609,1.218890,0.748230,0.547071,0.380535,0.529029,0.556314,1.913661,1.391540,1.908575,1.479960,0.970467,1.155162,1.169392,1.053007,0.867188,0.743900,0.926315,0.592431,0.689152,0.606919,0.581451,0.578981,0.117363,0.100449,0.150095,0.046211,0.056678,0.046942,0.045321,0.043213
3440742.587503,0.507552,0.386314,0.382450,0.199367,0.218224,0.188761,0.190917,0.193251,1.869323,1.261600,1.277927,0.813762,0.586214,0.408343,0.540824,0.568447,2.102058,1.564144,2.078624,1.495624,1.003411,1.164883,1.172116,1.097895,0.872147,0.764743,0.946386,0.582294,0.681718,0.583993,0.564195,0.552068,0.110639,0.096215,0.145148,0.044748,0.054720,0.046117,0.045709,0.043711
