369563.463784,822.918518,438.504456,766.156677,454.142731,365.514984,907.348206,798.275391,734.132324,9232.305664,6017.581543,9192.534180,4938.848145,2906.072266,9683.250000,9138.357422,3480.213867,9120.095703,6504.047363,8667.471680,5461.939453,4901.316406,9546.955078,11591.431641,10038.920898,4755.940918,5771.370605,6675.504883,5399.452637,3331.358398,4826.509277,7869.032715,8032.950684,322.459808,350.441681,226.618546,310.873718,165.450455,352.621948,359.397491,237.949585,1.000000
369563.473784,893.207092,416.351990,805.566101,443.006012,371.369019,910.677490,856.278320,741.088135,9494.820312,6235.892578,9515.588867,5165.006348,3041.442383,10046.403320,9654.546875,3648.452148,9341.910156,6642.041504,8781.990234,5675.270508,5066.083984,9891.176758,11607.041992,10491.387695,4925.953125,5925.664062,6835.651855,5648.536621,3410.711670,4960.857422,8035.647461,8274.337891,343.991730,355.257751,229.773605,315.817810,173.305573,344.280762,336.554688,250.716965,0.000000
369563.483784,963.142090,465.708801,881.003479,423.727661,365.860626,924.293457,905.772217,798.799927,9645.030273,6486.795898,9746.833008,5358.307617,3145.581787,10379.108398,10082.427734,3823.419678,9381.419922,6700.477539,8823.666992,5889.602539,5220.653809,10217.879883,11495.703125,10821.946289,4989.796875,6009.080566,6877.672363,5873.966797,3451.984863,5100.548828,8089.637695,8478.659180,326.348785,336.021149,225.882889,322.925812,179.532104,348.657135,339.037781,273.590942,0.000000
369563.493784,894.673157,541.232727,847.634216,411.321472,390.051300,923.427979,883.257446,828.140015,9654.638672,6636.283203,9862.522461,5534.610352,3197.947998,10654.012695,10408.405273,3856.490479,9311.465820,6653.350098,8842.315430,6090.413574,5387.782715,10553.479492,11327.397461,11000.034180,4969.239258,5983.229492,6849.744629,6066.108887,3448.620361,5269.446777,8113.664062,8612.514648,327.870483,334.553833,236.540802,320.903015,181.817291,343.847168,352.177765,268.464264,0.000000
369563.503784,869.962524,536.273254,801.332581,405.272675,398.126099,920.438721,830.014587,835.576294,9621.475586,6693.870605,9935.420898,5718.602051,3183.376709,10904.338867,10676.860352,3795.880371,9199.894531,6561.906250,8819.637695,6255.410156,5513.883301,10867.163086,11132.588867,11120.516602,4902.983887,5882.778320,6851.902832,6222.891113,3414.642090,5431.406738,8171.512695,8676.201172,333.461060,346.241364,231.061279,315.207367,184.189301,343.772034,335.418518,269.002167,0.000000
369563.513784,858.208862,537.884766,780.792236,394.936676,396.215179,876.552368,815.778564,839.531555,9535.856445,6701.408203,9959.566406,5895.074707,3165.689209,11114.496094,10892.919922,3749.806641,9043.236328,6425.338867,8757.453125,6398.135254,5618.522461,11166.417969,10921.017578,11213.137695,4831.613770,5799.080078,6893.183594,6354.121582,3388.277100,5566.852539,8255.467773,8688.779297,330.949585,323.778992,226.977005,315.367798,180.420563,342.920715,328.902283,266.390228,0.000000
369563.523784,847.774841,513.070496,761.557678,370.880768,387.490326,842.178101,800.456421,845.026978,9450.360352,6670.776367,9979.033203,6068.385254,3135.755859,11297.999023,11093.452148,3733.040527,8894.286133,6251.964355,8765.177734,6515.019531,5710.290527,11451.461914,10720.300781,11260.356445,4817.676270,5756.983887,6933.032227,6467.145508,3394.407471,5680.632812,8336.385742,8672.992188,320.589630,310.534912,223.664108,316.602692,180.838821,339.905884,324.683105,249.700439,0.000000
369563.533784,823.823120,488.339172,748.329712,356.414581,372.139557,825.913696,787.847046,837.194824,9352.265625,6641.724609,9983.749023,6221.653809,3112.739502,11453.688477,11273.849609,3729.114258,8761.054688,6084.364746,8786.655273,6620.785156,5788.428711,11717.213867,10538.454102,11296.506836,5050.604492,5724.534180,6958.107422,6566.421875,3421.180664,5772.771484,8407.659180,8656.618164,311.426666,304.005249,221.548279,316.799683,182.681900,335.225006,320.765594,241.063629,0.000000
369563.850492,803.750610,470.836914,738.327209,343.080750,349.422028,810.090149,802.703674,815.752991,9257.234375,6606.137695,9985.603516,6361.636719,3087.220703,11589.051758,11439.104492,3736.668213,8642.246094,5931.914062,8807.426758,6719.134277,5863.404297,11971.029297,10352.435547,11323.239258,5270.643555,5686.157227,6982.092773,6658.516113,3441.648926,5852.923340,8481.659180,8649.357422,308.112244,296.987061,222.264526,317.246857,183.162811,329.578522,320.160522,236.642105,0.000000
369563.860492,812.138855,463.064056,782.733887,334.494537,340.011871,816.841248,866.030212,800.708557,9187.073242,6568.204590,10024.189453,6490.199707,3068.666992,11708.332031,11612.846680,3753.629883,8503.239258,5792.131836,8793.824219,6805.251953,5929.774902,12185.920898,10101.335938,11341.442383,5443.822266,5655.033691,6955.987793,6746.106934,3449.750000,5941.399414,8494.276367,8641.836914,314.973846,288.373505,218.975403,312.167786,182.060822,339.020813,351.496094,236.903046,0.000000
369563.870492,805.788452,459.074493,842.031189,374.149445,339.004456,863.854187,986.555786,809.286743,9074.843750,6524.583984,9988.206055,6643.085449,3063.205566,11827.927734,11667.608398,3805.569824,8337.904297,5654.227539,8654.353516,6846.341797,5983.877930,12325.943359,9669.397461,11366.547852,5537.603516,5634.505859,6817.589844,6792.197266,3446.847900,6016.659668,8333.736328,8597.662109,316.365265,285.548981,211.824081,312.937073,191.573776,326.170380,331.086731,243.287140,0.000000
369563.880492,774.139465,476.046539,803.584961,428.928314,358.427856,915.770264,957.032837,908.718994,8936.532227,6444.381836,9860.103516,6731.276855,3098.898682,11856.029297,11540.931641,3866.252930,8171.762207,5491.697754,8433.029297,6788.697754,6009.113770,12351.050781,9396.329102,11365.389648,5581.748535,5594.915527,6615.915039,6775.840332,3463.314453,6043.886230,8046.994141,8438.233398,308.479797,272.549011,227.467133,307.237488,194.861359,308.303680,338.822296,227.605453,0.000000
369563.890492,786.263245,451.600494,784.488098,428.161530,342.841675,917.244995,949.942139,903.336853,8769.842773,6339.142090,9695.999023,6748.477051,3153.603271,11826.390625,11375.791992,3745.785156,7952.199707,5319.527832,8197.990234,6737.195801,5994.412109,12364.903320,9356.952148,11258.182617,5605.187500,5528.986816,6463.143066,6719.796387,3508.443848,6023.342773,7804.803223,8144.745117,293.829895,262.924103,223.900238,316.058563,194.890778,312.257538,349.432220,237.206116,0.000000
369563.900492,769.128479,428.610657,759.082520,451.033447,328.199921,934.578186,907.661072,839.681274,8584.061523,6229.968750,9489.592773,6725.618652,3211.877441,11729.392578,11164.535156,3601.625488,7727.410156,5145.509766,7945.064941,6658.594238,5971.086914,12289.034180,9359.333008,11101.637695,5625.555176,5460.297852,6368.593262,6620.105957,3556.041748,5916.887207,7629.420898,7792.490723,283.629181,259.174408,218.155380,313.952576,193.877304,304.331268,349.155243,255.862656,0.000000
369563.910492,764.494019,414.776459,732.396667,449.355286,320.406311,912.221619,893.233887,839.584351,8395.200195,6139.286133,9293.038086,6688.025879,3278.188232,11602.427734,10953.175781,3444.049316,7502.227051,4986.059570,7708.110840,6598.563965,5924.617676,12223.008789,9341.428711,10956.323242,5673.445312,5382.072266,6285.452637,6508.943359,3585.158203,5796.727539,7447.632324,7460.313965,275.598846,250.938538,205.614822,304.128540,195.290787,302.114563,340.598572,246.333649,0.000000
369563.920492,731.330872,426.328522,702.013245,470.241333,310.340515,929.240173,855.697144,821.276611,8192.527344,6017.407715,9095.888672,6633.697754,3326.287842,11444.864258,10713.063477,3336.225342,7275.493164,4887.934082,7498.809570,6485.564941,5869.316895,12073.549805,9326.268555,10809.274414,5736.757324,5273.385742,6194.350098,6455.264648,3595.831055,5764.172852,7244.837402,7165.343262,274.042755,249.011795,198.180618,293.158844,198.224533,295.837769,325.450073,239.443497,0.000000
369564.315235,685.240173,420.761353,677.295410,454.700470,300.746063,893.145142,848.059875,809.757385,7993.527344,5874.001953,8914.025391,6542.456543,3366.154053,11238.183594,10478.450195,3236.849854,7079.558594,4831.879395,7378.587402,6360.445312,5814.243652,11914.547852,9284.704102,10679.779297,5781.298828,5136.442383,6109.525879,6445.297852,3598.867188,5791.395996,7075.398438,6890.930664,267.104950,236.263351,202.122345,293.687683,194.995361,296.605194,317.701935,234.153076,0.000000
369564.325236,654.919495,429.182465,717.845886,482.804138,286.706299,897.948792,838.674683,807.546021,7779.027344,5710.965332,8786.761719,6438.485352,3396.492188,11019.896484,10248.389648,3136.958984,6927.708496,4804.605957,7472.579102,6190.192383,5764.415039,11708.233398,9220.530273,10552.979492,5786.833984,4998.508301,5985.819336,6413.347168,3598.170166,5800.472656,6918.073242,6642.822266,261.266296,233.471497,210.838882,277.666504,199.281830,293.807892,325.216034,228.006210,0.000000
369564.335236,649.196045,472.911041,819.100342,488.584961,301.449768,875.918884,920.811646,794.299255,7557.145508,5583.700195,8590.856445,6264.498535,3451.510254,10770.661133,9970.771484,3043.327393,6817.812500,4755.191406,7384.229004,5975.505859,5706.841309,11461.919922,9017.010742,10411.584961,5770.064453,4851.182617,5744.187012,6331.210449,3566.058838,5744.803223,6670.440430,6437.924805,259.703583,238.346176,220.609390,288.159210,198.137512,303.285095,325.402649,228.372314,0.000000
369564.345236,645.878174,543.357971,814.919128,533.978027,321.475037,956.094055,920.325439,790.611633,7311.731445,5384.151855,8260.518555,6056.318848,3457.339600,10474.920898,9562.825195,3006.878662,6756.314453,4588.678711,7186.312988,5724.634766,5585.838379,11096.471680,8734.222656,10241.039062,5741.368164,4686.314453,5402.617676,6184.841309,3489.528076,5589.436523,6323.227539,6283.384277,249.131668,244.738251,244.404022,292.845947,209.412170,293.186737,332.780548,217.712067,0.000000
369564.355236,639.330017,536.467346,839.518799,559.555847,324.256409,968.381897,927.359253,744.543884,7091.497070,5111.716797,7908.312012,5765.077637,3431.891846,10036.690430,9149.728516,3152.024170,6697.676270,4347.253418,6944.958984,5487.234375,5453.634766,10663.232422,8442.955078,10027.351562,5704.341309,4502.427734,5058.414551,5964.926270,3377.985352,5382.951660,5981.474121,6173.174805,249.134964,247.096909,238.818085,285.050354,199.036011,288.633942,322.800659,209.428207,0.000000
369564.365236,666.464355,550.434937,814.553894,544.881592,339.317017,975.905701,908.609497,731.286682,6903.766113,4810.358398,7526.240234,5504.070801,3372.379883,9609.324219,8739.504883,3283.962646,6589.109863,4108.965332,6679.364258,5302.133301,5299.312988,10250.741211,8150.649414,9787.291992,5616.868164,4267.666504,4777.879395,5732.344727,3263.604492,5214.999512,5681.170410,6076.563477,264.617584,252.193710,238.640579,277.583130,199.930191,279.527557,320.417664,211.799484,0.000000
369564.375236,765.194336,516.531433,841.991577,545.794128,372.281738,953.817383,957.409668,776.871643,6692.810059,4506.078125,7156.342285,5284.954590,3336.962158,9179.195312,8336.773438,3432.597412,6335.610352,3885.030029,6382.287109,5150.111816,5168.380371,9840.994141,7805.597656,9493.612305,5401.561035,4000.265869,4488.722168,5494.344238,3135.274902,5076.362305,5356.156250,5933.789551,260.334137,240.096481,229.042999,262.416351,193.745483,278.350128,307.296875,227.522141,0.000000
369564.385236,767.062683,491.669128,814.886597,578.181702,418.682343,1005.675293,931.216553,883.251892,6348.100098,4227.843262,6725.495605,5058.512207,3258.057861,8761.359375,7848.404297,3507.213867,5970.020996,3662.070312,6016.022461,4949.610352,4965.687988,9389.223633,7365.690918,9036.141602,5107.168945,3744.127930,4208.416992,5212.646973,2991.264160,4862.683105,5035.523438,5675.935547,269.361816,230.008987,228.688538,253.850876,196.266739,266.866730,308.092712,224.360107,0.000000
369564.605928,762.471985,473.998291,791.293579,559.064575,415.217957,981.141724,910.479492,871.305847,5995.655762,3966.928223,6308.932617,4787.865723,3129.100586,8251.736328,7372.087891,3415.756592,5589.402832,3439.158936,5652.981934,4700.729980,4721.478516,8841.431641,6924.814453,8482.627930,4788.719727,3498.575439,3929.965088,4917.497559,2851.544434,4599.579590,4709.681152,5373.911621,268.912354,220.331894,223.069534,252.646576,204.261398,269.049072,300.756927,238.218567,0.000000
369564.615928,740.013245,460.243530,755.494934,562.887634,432.207489,959.136719,872.682434,870.163757,5607.701660,3708.230957,5880.994141,4517.156738,2982.188721,7753.569336,6875.366211,3297.309326,5188.304688,3204.080811,5271.365723,4432.983398,4449.135254,8299.041016,6456.813477,7917.210449,4434.907715,3252.945068,3643.773193,4598.971191,2680.072998,4317.509766,4367.417480,5041.150879,251.625290,206.025299,209.043503,241.782028,197.328064,264.195343,281.381378,240.554688,0.000000
369564.625928,697.949951,431.004333,709.693542,540.646179,415.515289,920.945496,820.239380,839.311218,5232.841797,3448.404053,5474.170410,4216.682129,2796.280518,7233.664062,6401.593262,3114.400635,4828.893555,2972.598389,4912.528320,4135.497559,4152.339355,7732.713379,6017.228516,7345.080078,4115.107910,3019.384521,3378.182617,4262.729980,2489.229248,4003.162354,4047.803711,4671.560547,237.091568,194.291412,197.112732,226.843933,187.477097,247.214310,264.763489,226.263412,0.000000
369564.635928,657.977905,405.745483,666.131104,511.072937,397.486816,865.376709,770.234924,793.380066,4871.033203,3204.028809,5085.449707,3930.366211,2618.261475,6736.027832,5948.525879,2932.294189,4488.177246,2752.709229,4566.535156,3856.003418,3872.854492,7200.751953,5594.134277,6826.462891,3820.148438,2797.541016,3128.933350,3947.507324,2306.077393,3715.392090,3749.643066,4328.839355,220.904892,181.382324,183.319901,212.636490,176.305176,233.176727,246.137039,213.769608,0.000000
369564.645928,616.869690,377.581757,621.531738,479.277740,373.052551,813.284119,719.479431,745.969604,4531.408691,2970.990967,4721.519531,3653.511719,2440.570801,6260.218750,5524.656250,2745.320801,4171.457031,2549.852295,4243.339844,3586.307373,3603.410889,6691.062012,5199.149414,6338.813965,3547.843994,2588.488037,2900.223877,3659.099609,2139.878662,3447.285400,3476.069824,4016.577637,207.001495,168.304962,171.449997,197.488724,164.563889,216.734100,229.950760,199.984970,0.000000
369564.655928,579.075623,352.007172,580.671753,449.363068,352.206635,759.458679,672.731750,700.399414,4208.462402,2754.877441,4379.044922,3395.820801,2274.826416,5814.399902,5125.005859,2568.467529,3868.220947,2361.993896,3936.664795,3335.086182,3351.495850,6215.473145,4823.846191,5884.934570,3288.388428,2395.495117,2685.585449,3392.511963,1985.356812,3201.158203,3219.218506,3727.813232,192.351364,155.938049,159.129745,183.622849,153.247345,202.709961,213.449539,187.698212,0.000000
369564.665928,538.439392,326.685791,539.085632,419.894379,329.459473,710.384705,624.819824,656.494690,3903.939209,2552.366699,4058.427490,3151.008545,2114.072754,5394.301758,4750.586914,2393.670166,3585.961426,2187.735107,3650.096924,3095.285400,3110.714600,5765.174805,4473.037109,5453.855957,3047.476074,2217.628906,2487.378662,3142.918945,1841.079956,2967.169434,2981.933838,3454.576172,179.622803,144.755356,148.324860,170.571609,142.911148,188.131653,198.897446,174.859940,0.000000
369564.675928,502.251434,303.806152,501.597870,391.055328,307.997864,659.713989,581.664001,610.926819,3619.185547,2364.606689,3759.726562,2922.502197,1963.833130,5000.334473,4401.445801,2226.845947,3320.759277,2025.638672,3381.894287,2871.598145,2886.193604,5344.499512,4144.500000,5053.487305,2820.962158,2052.545654,2301.955811,2911.283691,1706.588989,2750.215332,2759.734619,3201.310547,166.515762,134.213943,137.427414,158.624023,133.165619,175.428589,184.274490,163.591064,0.000000
369564.933995,465.591583,281.886383,464.702057,364.283844,287.255219,614.260742,538.946167,569.576416,3352.359619,2189.183838,3481.039062,2708.154541,1821.211792,4633.089844,4075.509033,2068.345703,3074.919922,1874.603638,3132.019531,2660.927734,2674.357666,4951.197754,3838.372314,4678.329590,2611.401123,1899.240112,2130.457275,2694.261963,1579.757324,2546.088379,2554.178467,2963.023193,154.638138,124.351677,127.570938,146.881012,123.463501,162.557068,171.020905,151.637573,0.000000
369564.943995,432.486725,261.313782,431.165039,337.750824,266.756927,569.176086,500.159210,528.034912,3104.724854,2026.520386,3222.652832,2508.188477,1688.045776,4290.055176,3773.220215,1918.492920,2846.299072,1734.773926,2899.887695,2464.893555,2477.575684,4584.859375,3553.939453,4331.161621,2416.675537,1757.326660,1971.189331,2493.498291,1462.411133,2357.031006,2363.231934,2742.686035,143.208374,115.219681,118.126320,136.234451,114.635620,150.910431,158.354187,140.960709,0.000000
369564.953995,400.561829,242.157272,399.193054,313.548096,247.851257,528.252747,463.102814,490.420135,2874.052246,1875.402710,2982.465576,2322.327148,1563.652832,3971.951904,3492.151123,1778.665283,2634.421875,1605.039307,2684.208984,2282.336914,2294.064209,4244.704102,3289.648193,4008.492920,2236.577393,1625.693604,1823.913452,2307.074951,1353.168579,2181.271240,2186.699219,2537.807373,132.748764,106.620232,109.461800,126.086349,106.113495,139.758011,146.731339,130.528183,0.000000
369564.963995,416.004578,224.194824,404.310608,290.344147,229.676346,489.143097,445.079773,454.168091,2702.953369,1735.399536,2793.119873,2149.563232,1447.942261,3676.104004,3247.120117,1647.726074,2481.352783,1485.082764,2517.774170,2112.851562,2123.865479,3928.732666,3060.585693,3709.773438,2111.845215,1503.969116,1719.602295,2134.815430,1252.367310,2018.790161,2037.729004,2348.569824,148.278168,98.698296,123.753174,116.791267,98.349495,129.519516,142.962616,121.066254,0.000000
369564.973995,441.926605,228.351089,412.148163,305.933319,220.006638,487.258636,436.688782,482.783081,2600.574463,1625.294434,2665.270996,2025.087646,1348.104370,3434.178711,3043.645020,1585.596558,2417.463867,1392.642822,2419.755371,1991.453247,1974.289429,3666.493408,2873.992676,3492.358154,2082.827393,1409.253174,1706.964844,2009.538696,1170.220825,1897.685303,1927.320679,2229.944336,164.931351,101.596779,158.490448,124.834137,106.494911,137.758423,142.626190,146.872604,0.000000
369564.983995,478.561005,231.745621,505.822693,324.558167,238.811188,499.735504,422.751862,511.971771,2543.201416,1545.834229,2649.990723,1951.823853,1297.682739,3252.716064,2862.233887,1601.503418,2418.252930,1343.119751,2434.592285,1928.131348,1881.634521,3473.015381,2712.009277,3398.714111,2122.066895,1360.152832,1773.653564,1960.315186,1155.448364,1852.233643,1840.826294,2244.400146,191.512848,113.606140,174.559128,138.268570,136.244720,145.991516,137.062927,191.444489,0.000000
369564.993995,514.531006,273.283234,553.130859,372.713654,322.049805,497.483551,413.660675,635.908752,2560.595703,1517.585083,2713.980957,1929.140259,1345.994385,3099.178955,2716.231201,1734.833252,2510.445312,1341.100586,2553.644775,1918.972046,1895.219849,3317.793213,2586.516846,3439.622070,2227.588867,1346.437134,1900.334106,1969.771118,1232.315552,1859.555420,1759.539551,2367.876221,188.058884,115.517563,175.336014,151.065765,149.048859,166.989624,133.425186,221.193741,0.000000
369565.003995,487.722382,294.867523,549.408081,407.847046,351.515747,507.318146,386.579132,712.679565,2567.597412,1532.292847,2763.700439,1971.405640,1426.896362,2999.916504,2580.998047,1979.409302,2644.176270,1400.357422,2676.091797,1988.232544,1966.895020,3223.882568,2477.874512,3661.132324,2366.910400,1359.845947,2020.993530,2044.601074,1386.511108,1907.264038,1679.290283,2596.685059,178.153412,112.800201,176.072906,149.524338,152.948090,161.196655,130.623871,223.066422,0.000000
369565.308010,456.828613,291.296631,518.449890,395.106476,360.150757,475.448578,359.410675,704.533875,2581.022949,1542.016113,2833.908691,2002.565552,1501.166992,2905.593506,2458.144531,2190.077148,2779.249512,1479.105225,2824.491943,2063.286377,2044.254883,3152.098389,2380.781738,3935.774414,2492.322510,1395.459595,2157.477539,2146.354004,1547.008301,1982.096191,1600.879272,2845.414307,180.583603,113.024513,174.534042,147.604279,159.025818,157.380280,124.722214,220.242432,0.000000
369565.318010,434.275513,274.362274,492.479370,371.530609,341.274475,442.493988,337.269684,665.166931,2591.293945,1563.409912,2890.836426,2043.938354,1586.551880,2816.056641,2344.756592,2415.980713,2914.988770,1556.384399,2998.498535,2150.258545,2144.943115,3087.203857,2294.680908,4222.026855,2600.045654,1443.316895,2351.761719,2233.629883,1719.089600,2053.685303,1528.498291,3041.390381,181.401642,105.651192,173.253845,139.478500,163.545654,160.372223,119.543846,216.326248,0.000000
369565.328010,418.093170,260.623566,478.164673,354.209930,322.407318,416.759674,318.039368,635.216003,2606.300293,1579.777588,2953.241943,2078.979980,1657.909668,2733.403320,2241.452881,2615.842041,3036.014893,1631.156128,3201.261475,2270.112549,2239.229980,3033.291748,2216.375488,4510.229492,2699.173340,1496.611816,2526.669922,2307.392090,1880.079712,2114.307617,1462.557129,3286.508301,181.124969,98.660934,169.890228,132.527985,167.739975,161.398651,115.292519,212.701141,0.000000
369565.338010,420.258759,252.617676,482.023254,343.614014,313.040192,394.757812,398.288208,619.976074,2631.574463,1599.843872,3015.495605,2117.534424,1730.415161,2659.164795,2176.643799,2814.074951,3124.294678,1695.227173,3399.047852,2375.192871,2335.487305,2985.181152,2053.734619,4767.303223,2807.479004,1543.772583,2692.531250,2374.373535,2023.414307,2170.292969,1468.048828,3523.167725,192.380722,92.039444,178.009064,127.923424,170.791519,161.930725,135.202942,206.193085,0.000000
369565.348010,413.352112,304.316681,511.654785,414.264648,344.091736,380.220062,504.441406,609.677917,2646.701660,1631.031372,3136.945068,2171.330322,1784.688232,2598.289062,2286.409424,2995.877686,3174.758057,1691.514282,3566.432373,2550.161133,2465.842041,2950.838623,2085.956787,5013.911621,2949.069580,1597.668091,2881.393799,2440.865479,2134.376953,2232.555420,1649.114624,3738.451172,204.034515,115.904633,184.556732,147.933365,167.051529,168.306320,194.729019,208.312164,0.000000
369565.358010,449.316925,341.698029,567.116333,521.170105,358.914429,366.988770,651.395935,626.205872,2656.314209,1603.695190,3293.292480,2391.502441,1755.689697,2545.699219,2487.792480,3208.761475,3162.694824,1916.600098,3740.500488,2879.554932,2661.542236,2933.958008,2260.158447,5228.907715,3152.959717,1736.804688,3055.465332,2611.311279,2254.614990,2309.803955,1930.734375,3956.327148,218.544785,159.315842,195.574921,205.214859,210.735550,169.277893,233.975052,204.018021,0.000000
369565.368010,467.520782,451.574524,587.681824,664.613586,436.802429,357.890961,771.277100,656.893372,2588.018799,1627.946655,3512.601562,2689.436768,1681.149414,2497.220215,2863.115479,3431.647461,3364.002686,2243.920654,4050.884277,3305.788330,2989.228516,2945.026123,2744.639404,5438.016602,3420.659424,2011.953613,3195.033936,2821.291016,2542.188232,2406.966064,2232.479736,4147.176758,224.401932,185.248917,195.688400,233.689362,219.169830,176.383026,228.454117,208.932358,0.000000
369565.378010,460.361572,538.877380,568.290588,772.007996,503.711243,345.289185,760.262085,655.109314,2498.432861,1724.587769,3706.070557,3145.236328,1653.637451,2426.268799,3201.809814,3691.032227,3638.295410,2715.948486,4405.454590,3868.941895,3420.253662,2966.736572,3294.114746,5654.316406,3695.397949,2348.038330,3314.531006,3061.909912,2889.750000,2520.791992,2499.446533,4288.683105,216.491501,185.014847,193.479462,232.168976,214.835556,180.722763,235.931610,210.406097,0.000000
369565.603807,446.335205,541.492798,539.507568,757.642151,505.314667,328.638824,713.920837,636.092041,2392.534180,1799.936646,3896.995605,3555.154785,1650.212891,2353.981201,3547.944824,3927.344238,3913.343994,3203.062500,4734.855957,4485.360352,3851.418213,2985.030518,3842.204346,5856.655762,3947.512451,2681.663086,3404.973145,3325.708252,3233.746094,2633.151611,2828.253662,4400.911133,218.505920,188.643066,185.623810,245.967377,216.472549,180.251892,227.489914,210.237930,0.000000
369565.613807,423.319794,523.404175,544.061646,704.335388,490.820648,311.747009,709.579712,614.557190,2285.324219,1899.773804,4054.297119,3964.758301,1743.409668,2281.449951,3852.948975,4152.923828,4184.121582,3691.134521,5052.803711,5054.475586,4282.103516,3002.582031,4406.372559,6088.718750,4182.426270,3033.667725,3457.647705,3535.194336,3524.340088,2738.356689,3120.810059,4491.646973,217.789825,179.717880,192.491776,233.419846,216.708771,183.805588,216.885025,203.447205,0.000000
369565.623807,411.637085,501.793793,526.622131,684.883606,468.442963,308.013489,695.662292,626.228821,2197.046143,1987.234253,4164.421387,4338.788086,1891.813721,2224.319580,4112.847168,4333.349121,4435.844727,4167.781250,5375.796875,5578.074707,4699.502441,2992.889404,4947.078613,6364.998535,4404.983887,3360.302979,3472.733154,3706.549072,3776.457764,2854.628174,3388.884766,4535.882324,216.419693,170.371536,192.121964,225.416290,218.147293,187.267914,208.003265,225.189545,0.000000
369565.633807,388.764801,485.587891,507.974426,696.410583,451.954407,352.142792,676.762329,619.338562,2122.555908,2076.436035,4276.615723,4714.608398,2035.285034,2239.506592,4354.787598,4437.989746,4659.985352,4610.535156,5702.595215,6041.099121,5091.035156,2923.787109,5454.110840,6672.596191,4618.125000,3657.912109,3460.202148,3878.710449,4019.074463,2997.932617,3638.974121,4515.029297,217.414703,159.333405,186.519135,215.785324,215.808182,183.795868,200.692780,229.320175,0.000000
369565.643807,372.833679,473.792297,493.861206,701.899414,443.371002,359.280945,657.679199,603.978455,2049.508301,2160.198242,4390.458008,5063.041992,2155.946533,2277.472656,4567.609375,4562.280762,4856.123047,5024.625000,6016.905762,6447.895020,5464.608887,2874.146729,5941.328613,7013.674805,4820.236328,3932.164062,3435.321289,4054.075928,4254.750000,3169.634766,3850.726318,4440.543945,221.498367,150.614365,189.989517,211.290817,211.677414,186.314438,196.595520,223.153671,0.000000
369565.653807,378.870667,470.944427,470.305054,700.296753,472.927277,356.266479,716.376404,604.495911,1984.580566,2245.826416,4510.142578,5381.036621,2279.625000,2310.993896,4787.554199,4671.181641,5015.323730,5402.706543,6356.492188,6815.184082,5786.219727,2873.259033,6462.106934,7327.534668,4999.340332,4193.535645,3365.481445,4237.181152,4452.162598,3335.303955,3985.570312,4375.243652,228.394775,140.545013,212.627029,217.397064,209.481277,193.045853,203.171112,235.752014,0.000000
369565.663807,424.480377,476.354126,473.371796,684.442627,494.398499,420.459473,719.058899,612.877991,1909.406616,2327.379395,4589.012207,5660.967773,2369.097900,2317.255615,5076.087891,4759.162109,5100.271973,5766.356934,6748.615234,7180.190430,6044.283691,2920.365967,7009.013672,7583.008789,5126.830566,4493.194824,3240.892578,4451.445312,4559.629395,3542.997070,4034.656982,4464.194824,241.773407,146.132538,245.547195,217.289108,267.689575,191.954727,208.917084,269.786041,0.000000
369565.673807,425.909912,526.674133,599.623962,811.220276,570.066833,498.652496,703.280090,728.679443,1809.198853,2321.854980,4579.153320,5739.386719,2438.835938,2467.230469,5355.110352,4771.365234,5132.900879,6205.645996,7245.847168,7551.592773,6212.334961,3034.353516,7538.821777,7765.313965,5215.336426,4871.967285,3419.344482,4778.793945,4634.139160,3861.226318,4045.418945,4673.916992,255.801590,171.918549,266.553528,241.642929,283.612976,245.142380,198.791107,302.137390,0.000000
369565.914846,430.269928,571.123718,655.567017,897.225342,564.609558,577.969849,682.935608,753.766907,1766.720581,2441.071533,4408.498047,5754.191406,2460.031982,2671.392090,5630.674805,4873.040039,5136.609375,6664.746582,7844.592773,7939.384277,6345.204102,3190.957764,8056.361816,7872.479004,5265.670898,5284.225586,3734.159180,5157.286621,4730.265137,4251.764648,4210.814941,4964.839355,256.226379,177.690918,273.233826,290.022461,291.266632,247.620972,195.101196,326.234863,0.000000
369565.924846,403.693756,636.105103,665.006470,1001.103821,566.287903,661.552185,681.695557,782.147583,1742.895386,2652.960693,4245.454102,5656.620117,2699.004395,3024.376221,5875.359863,4987.233398,5208.482910,7171.251953,8448.673828,8425.365234,6442.967285,3450.127686,8550.321289,7998.033203,5287.752930,5702.215332,4036.817627,5499.025879,4891.759766,4706.219727,4447.771973,5256.400879,259.737976,178.181931,264.645142,280.464905,311.214355,249.653702,192.916611,337.774689,0.000000
369565.934846,381.232208,632.633789,629.707458,990.522095,526.610046,643.080017,677.804504,742.547852,1717.690796,2857.889160,4073.656006,5622.614746,2941.852539,3368.697998,6098.877441,5161.903320,5429.506348,7695.583008,9032.552734,8958.512695,6501.446289,3778.251709,9008.490234,8156.054199,5308.389160,6109.245117,4280.803223,5814.243652,5025.785645,5178.092773,4667.701660,5517.062012,266.952789,185.104263,265.573334,268.948334,330.172302,271.552765,191.675842,353.698547,0.000000
369565.944846,371.127502,615.429199,616.338135,970.165710,494.141022,617.774536,673.431885,716.494080,1685.736206,3059.982666,3929.060791,5595.571289,3172.369385,3716.541260,6305.500000,5332.803223,5644.025391,8191.661621,9584.189453,9468.519531,6546.726074,4099.474121,9432.692383,8314.823242,5335.553711,6469.955078,4493.400879,6084.118164,5150.275879,5591.037598,4870.823730,5745.773438,272.685028,179.817612,267.030640,276.507599,347.167664,274.695435,189.823273,373.229034,0.000000
369565.954846,362.957123,608.244019,615.265137,976.487000,479.569489,585.738892,669.264893,714.900879,1654.576050,3240.892822,3789.534424,5593.537109,3395.854492,4041.812744,6499.555176,5512.101562,5844.184570,8666.078125,10083.065430,9950.376953,6754.765625,4423.098145,9822.078125,8473.220703,5361.837891,6788.194824,4699.969238,6311.144531,5278.668457,5949.182617,5061.593750,5949.903809,276.094208,175.229797,266.677734,281.082581,361.844055,277.455688,188.478592,388.568848,0.000000
369565.964846,353.651489,603.637329,614.135132,987.007385,465.276459,565.435120,662.947449,713.039917,1655.245605,3413.335449,3664.119873,5590.121094,3603.108154,4354.461426,6678.189941,5681.407227,6035.109375,9101.617188,10538.061523,10387.866211,7003.853027,4716.948730,10180.190430,8619.883789,5384.656250,7085.628906,4894.185059,6527.100586,5402.485352,6280.916016,5240.615723,6142.414551,279.235291,171.812485,263.380859,282.403076,372.927979,279.650513,186.921234,398.883148,0.000000
369565.974846,344.238800,605.429260,618.011353,1002.601196,449.447815,549.310913,656.670227,712.357239,1685.108154,3566.539062,3546.296875,5599.486816,3799.135254,4647.295410,6843.527832,5850.028809,6213.136230,9505.489258,10957.181641,10778.323242,7226.900391,4990.080566,10510.299805,8758.525391,5404.169434,7366.595215,5066.300781,6739.579590,5518.722168,6592.531738,5406.074707,6328.104004,283.048737,169.214417,261.512238,282.751343,384.460236,281.437500,186.089127,409.489624,0.000000
369565.984846,345.416809,609.848572,621.487793,1018.337036,432.725647,539.250183,663.072754,708.391541,1722.459961,3708.241211,3469.072021,5609.890625,3979.145020,4924.011230,6997.732910,6008.321289,6380.117676,9875.984375,11339.113281,11136.734375,7431.009277,5236.947266,10808.680664,8917.264648,5413.004883,7629.743164,5220.465820,6939.616699,5625.391602,6887.370605,5549.224121,6500.615234,297.058258,167.456802,266.238007,283.151917,396.779663,285.811310,178.776123,421.456177,0.000000
369566.261055,365.384644,603.390503,676.904907,1033.759399,408.092010,514.844238,667.353455,716.007629,1775.778442,3829.347412,3604.156006,5624.734863,4151.841797,5187.896484,7124.974121,6148.696777,6530.258301,10208.610352,11636.068359,11455.939453,7617.712891,5450.930664,11068.056641,9047.671875,5374.664551,7870.332520,5306.937988,7136.891602,5721.559570,7162.489746,5666.601074,6654.670410,296.996582,170.209244,260.371643,293.856720,406.893555,293.059479,176.243164,444.597839,0.000000
369566.271055,435.764069,592.996277,763.330444,1067.712891,451.895142,478.534821,679.171875,782.613281,1816.031494,3936.606445,3807.653320,5632.434082,4264.824219,5439.074707,7225.772461,6258.937012,6622.940430,10496.387695,11772.933594,11710.936523,7729.838379,5613.048340,11296.966797,9200.346680,5250.444824,8068.296875,5265.027344,7359.365723,5757.441895,7392.733887,5779.555176,6727.872070,304.965973,166.814133,253.321335,279.559753,391.144775,297.876282,173.890396,429.941284,0.000000
369566.281055,452.260742,605.647461,724.324585,1125.014404,507.795837,506.306610,653.346375,922.605469,1729.719727,3957.616455,3902.255859,5563.142578,4286.846191,5662.973145,7285.411621,6156.667480,6594.810547,10689.743164,11801.358398,11859.258789,7747.217285,5708.684082,11485.631836,9293.953125,5051.432129,8188.964844,5160.462891,7635.976074,5683.980469,7558.323242,5902.032715,6626.324707,309.526367,160.582642,274.311676,280.005188,398.864502,291.345886,171.236526,444.393188,0.000000
369566.291055,440.432709,626.905701,700.119751,1078.230591,497.986847,536.770508,639.319458,896.705261,1659.602661,3983.056396,3973.490234,5434.817383,4353.481445,5790.791016,7339.085449,5993.451172,6538.623535,10829.076172,11777.392578,11910.733398,7742.294922,5781.579102,11650.593750,9197.366211,4831.230957,8249.217773,5107.805664,7963.788574,5544.620117,7658.320312,6026.681152,6377.324707,288.545044,171.582993,266.760162,291.884399,411.104553,290.078186,170.717163,479.565094,0.000000
369566.301055,430.776398,656.256470,694.135681,1043.245117,502.907898,531.925110,635.276367,871.538208,1673.481567,4006.248535,3973.001221,5593.830566,4430.179199,5888.468750,7381.196289,5839.400391,6452.915527,10936.221680,11705.448242,11929.810547,7720.243652,5865.969727,11804.272461,9058.837891,4606.489258,8301.480469,5108.971191,8279.010742,5406.467285,7724.992188,6145.296387,6105.645508,283.511444,171.833771,254.610611,285.082947,397.230316,290.401459,167.332932,455.369934,0.000000
369566.311055,406.245728,654.605103,677.013062,1048.377930,482.816681,513.642944,630.518372,856.597168,1784.980957,4055.976074,3968.166260,5709.728027,4552.979492,5963.268066,7421.788574,5742.761719,6363.104004,11009.125000,11627.600586,11930.330078,7867.284180,5939.043457,11945.437500,8848.445312,4392.939941,8360.224609,5115.806641,8555.789062,5287.764160,7773.548340,6254.607422,5889.060547,279.510895,168.985901,247.880600,280.220123,391.315796,282.674011,164.623383,452.760620,0.000000
369566.321055,385.609192,653.152588,659.667419,1047.355103,458.939697,500.351624,627.635864,827.272705,1896.353882,4106.177734,3948.292969,5808.958008,4671.937988,6030.341797,7456.707520,5674.241699,6273.818848,11072.878906,11565.604492,11924.427734,7995.996094,6009.398926,12078.995117,8638.700195,4202.418457,8419.380859,5110.729980,8805.583984,5184.816895,7813.041504,6354.095703,5706.792480,274.554199,166.890457,240.425262,277.134399,390.286072,276.780121,161.551605,457.009064,0.000000
369566.331055,359.756683,649.480164,654.958191,1048.827881,435.844299,488.129944,677.919617,806.204834,2001.438232,4161.081543,3927.474121,5891.181641,4793.452637,6087.912598,7489.812988,5623.761719,6184.272461,11124.648438,11500.534180,11927.115234,8111.162598,6070.241211,12151.635742,8427.414062,4029.712891,8477.215820,5109.278809,9034.077148,5095.395508,7853.187988,6434.980957,5533.865234,272.770844,165.168625,226.965744,274.006317,388.112762,271.973633,173.409592,458.364258,0.000000
369566.594647,376.545776,670.507874,654.229858,1095.604736,430.346283,477.307617,731.628784,791.044861,2137.418213,4222.187988,3898.177734,5989.516113,4920.104980,6140.199219,7490.564941,5574.019531,6079.140625,11146.190430,11409.941406,11885.407227,8200.963867,6125.690430,12129.899414,8234.638672,3847.639404,8527.155273,5091.154297,9238.354492,5013.686035,7889.656250,6451.812988,5374.041016,264.613434,183.829208,243.538269,269.767426,383.218140,266.577942,216.334320,453.984711,0.000000
369566.604647,434.982758,730.192139,683.023560,1137.711426,462.329529,489.877716,907.264038,774.790955,2254.180176,4306.146484,3793.474365,6069.066406,5073.379883,6165.569336,7402.933105,5519.127441,5877.316895,11106.506836,11240.622070,11942.204102,8253.305664,6160.966309,11901.803711,8069.324707,3687.556885,8523.148438,5089.320801,9392.200195,4912.453125,7908.551270,6274.984375,5249.775879,265.655029,201.374695,235.138809,319.610260,397.836761,263.165985,223.819778,458.354492,0.000000
369566.614647,439.701019,832.115662,669.039551,1245.829590,540.496216,478.284363,937.653870,774.478516,2294.236084,4324.146973,3648.337402,6090.033691,5237.429688,6185.139160,7066.219727,5435.524902,5658.047852,10884.253906,10997.010742,11944.536133,8155.539551,6157.845703,11455.749023,7967.030762,3581.023926,8387.161133,5313.503418,9378.283203,4768.307617,7908.551758,5907.420898,5170.333496,272.823059,204.587616,222.269485,313.247253,406.542877,254.839569,250.400681,446.732544,0.000000
369566.624647,453.291321,821.642761,653.080688,1233.568481,575.934570,461.453156,934.597412,727.631287,2316.019043,4156.779785,3521.906982,5860.612305,5272.984375,6224.132324,6701.872070,5405.349609,5432.593262,10567.248047,10743.546875,11797.568359,7973.565430,6140.687988,10970.389648,7883.183594,3477.393799,8165.580078,5508.162598,9222.471680,4654.776367,7897.035156,5509.560059,5127.451660,257.964691,230.129456,228.983719,311.597565,409.149323,251.305756,266.630096,435.896362,0.000000
369566.634647,424.646454,815.264282,637.116638,1204.006104,604.799622,448.504669,917.344543,686.833374,2295.888672,3970.376465,3433.441895,5620.274414,5280.259766,6266.753418,6274.447754,5390.037109,5222.626465,10237.809570,10493.060547,11631.409180,7781.657715,6114.744629,10455.667969,7809.023926,3370.785645,7900.139648,5655.349121,9005.270508,4532.573730,7874.986816,5217.655273,5081.068848,250.171356,231.820587,225.608002,329.698334,401.471893,248.897568,254.620163,439.485901,0.000000
369566.644647,407.568817,812.767761,591.887329,1200.540039,570.178101,444.231537,858.660400,666.475464,2267.644531,3777.829102,3378.416748,5362.315918,5230.196289,6317.574707,5901.528809,5402.103516,5041.026367,9877.877930,10249.183594,11408.367188,7576.422363,6081.940918,9937.572266,7749.674805,3264.937988,7597.474609,5760.901855,8743.465820,4378.636230,7845.447754,4991.020508,5016.072266,250.044830,220.017044,216.491043,322.230713,398.102112,244.824524,249.468811,435.815521,0.000000
369566.654647,390.311798,786.580872,580.292969,1171.418945,542.861755,418.695038,801.514465,637.844971,2247.968750,3623.135986,3306.388428,5148.435059,5172.630371,6370.166992,5572.647949,5443.026855,4880.974609,9540.935547,9998.222656,11198.620117,7392.322754,6046.820312,9440.278320,7672.021973,3165.586182,7304.157227,5830.084961,8487.782227,4224.291992,7788.649414,4798.885742,4915.559570,243.450165,214.296371,212.397995,312.193024,398.259155,245.508728,245.047089,416.964355,0.000000
369566.664647,370.604462,751.152344,564.081177,1126.774902,534.021118,453.321472,752.683899,643.575806,2235.184082,3489.569092,3225.609375,4959.578613,5100.437988,6350.164062,5266.380371,5430.560547,4731.322754,9214.422852,9748.722656,10974.201172,7206.162598,6074.090820,8970.388672,7533.560059,3076.199219,7045.327148,5873.986328,8280.018555,4081.537842,7675.020996,4634.649414,4761.223633,242.626266,207.151321,212.759064,302.423706,396.046783,249.737503,233.878632,418.666870,0.000000
369566.929609,352.219147,716.956665,547.830383,1077.322876,525.579285,469.129791,733.347168,635.253723,2227.475098,3368.790527,3173.083984,4796.939941,5026.902832,6312.094238,5001.756836,5382.928223,4592.884766,8909.170898,9508.836914,10752.628906,7032.617676,6137.973633,8518.629883,7393.723145,2991.699951,6808.758301,5896.316406,8098.856934,3953.913086,7528.219238,4471.475586,4575.968262,239.075592,202.197235,202.506485,295.179291,389.241852,236.378113,224.253067,405.627960,2.000000
369566.939609,375.054688,678.807983,519.732910,1016.898193,537.845947,491.610992,720.539001,650.346924,2231.354492,3267.225830,3237.990234,4669.441406,4937.525879,6250.707031,4744.268555,5298.264160,4449.996094,8621.541992,9271.975586,10533.940430,6846.802734,6228.173340,8043.605469,7232.534668,2888.053467,6585.275391,5894.675293,7924.181152,3849.415771,7375.263672,4292.391113,4407.995605,221.283554,196.724731,206.715225,290.036865,378.651794,238.625763,230.435608,391.688812,3.000000
369566.949609,384.884216,691.075012,589.935181,1034.569214,589.842346,545.265442,686.533142,682.194275,2188.745850,3205.761230,3352.558594,4596.152344,4868.980957,6213.947266,4476.680664,5229.767578,4259.627930,8314.573242,8960.350586,10267.452148,6661.669434,6293.191406,7551.246094,7080.564453,2774.449707,6348.646484,5801.400391,7737.711426,3710.364502,7201.218262,4085.994141,4243.611816,220.892960,198.055389,216.402939,290.794434,380.755493,234.958450,237.237045,368.635895,0.000000
369566.959609,396.301361,683.310364,684.091614,1024.874268,644.426514,572.854553,673.883606,726.220520,2133.815674,3125.278320,3381.627197,4569.157227,4703.694336,6133.551270,4215.445312,5090.313965,4058.563232,7974.121582,8502.170898,9928.034180,6357.598633,6295.473633,7049.747559,6828.812012,2643.710205,6101.298828,5568.145996,7517.112793,3500.246094,7016.015137,3847.429932,4076.084229,218.960144,215.518707,220.947235,320.274017,361.966095,260.956818,232.220322,365.684784,0.000000
369566.969609,404.566895,735.761475,671.693237,1098.745361,632.841919,695.997925,648.158813,732.540527,2040.995728,3068.747559,3282.783203,4569.321777,4489.497559,6034.474121,3933.553955,4910.255371,3816.071533,7575.913574,7985.992188,9500.163086,6031.513184,6202.951172,6538.885742,6540.352051,2474.093506,5790.134766,5278.160156,7195.081055,3304.892822,6719.793945,3584.658447,3901.153809,206.158844,216.942032,238.435791,329.311432,353.888611,264.211334,217.908936,368.508148,0.000000
369566.979609,382.926178,737.551941,684.006165,1116.793335,635.309631,728.341431,603.317444,755.019775,1924.878052,2934.245361,3158.840332,4412.714355,4250.431152,5770.447266,3651.674805,4681.970215,3568.634277,7091.463867,7445.511719,8917.023438,5672.771484,5925.655273,6051.527344,6180.678223,2303.226807,5417.106934,4946.525391,6751.280762,3082.858398,6325.835938,3324.705566,3663.289795,197.107269,214.990768,237.376236,322.684723,330.628510,270.851776,204.920883,348.110626,0.000000
369566.989609,368.094543,710.717529,659.963501,1067.519653,600.823853,726.611938,562.096558,716.245361,1807.917969,2777.522461,2974.529541,4199.659180,3991.893066,5479.500977,3387.386475,4401.355469,3326.782715,6622.617188,6892.834473,8340.142578,5313.843750,5624.587891,5604.905273,5791.240723,2133.686768,5048.371094,4578.829590,6300.423828,2879.503174,5921.178223,3080.285889,3417.184082,183.956406,212.667068,223.733521,320.170105,313.861786,273.456573,190.441971,333.699615,0.000000
369566.999609,343.897491,683.264038,626.003845,1028.398071,578.958923,715.652832,522.359924,689.906433,1688.920044,2609.966553,2795.126709,3959.828857,3739.998535,5147.579102,3142.299316,4128.108398,3095.940430,6155.121582,6393.268066,7759.595215,4961.796875,5274.456055,5193.172852,5411.545898,1981.072754,4672.491211,4245.006348,5834.074219,2677.243408,5484.731934,2854.089600,3170.699951,171.843338,198.530045,210.507812,300.162659,292.227051,256.092133,176.416245,312.961517,0.000000
369567.289530,324.524994,640.605103,587.567505,961.839661,541.662292,676.648865,485.953827,645.978577,1576.264282,2438.233887,2613.200439,3711.261963,3487.269531,4816.924316,2913.344482,3850.485840,2877.902100,5724.421875,5932.490234,7223.458496,4620.443848,4939.448242,4809.175293,5041.328125,1837.539795,4334.440430,3941.909912,5415.395508,2490.356934,5091.765137,2643.915771,2943.256592,159.352798,186.888306,196.883530,282.306183,274.002258,242.590240,163.826904,292.705475,0.000000
369567.299530,302.051788,603.277893,553.518005,906.687439,512.122742,643.137695,450.915894,610.122986,1466.571045,2274.420166,2442.789795,3470.657959,3249.171143,4494.571777,2699.838867,3590.252686,2671.551270,5314.944824,5503.105957,6712.578125,4297.118652,4608.941895,4452.639648,4692.441406,1704.731812,4018.867676,3659.304688,5023.655762,2311.442139,4724.539062,2448.932129,2730.301758,148.588394,173.793045,184.056168,262.089081,254.802719,225.819427,152.376007,272.094147,0.000000
369567.309530,282.844666,562.739258,518.603271,844.614319,477.330231,602.951355,419.077850,568.957397,1363.847900,2116.667725,2274.454102,3236.568359,3018.233398,4187.119141,2500.922852,3337.349854,2478.344482,4933.482422,5098.155762,6234.686523,3988.617676,4296.260254,4120.476074,4358.478516,1579.711670,3727.825439,3391.825684,4662.772461,2144.099609,4386.857422,2266.620361,2533.368896,137.939743,163.011475,171.677628,245.906647,237.320892,212.397263,141.174545,253.801956,0.000000
369567.319530,262.904968,527.215027,483.575287,791.626221,446.459229,568.468445,388.129639,532.595093,1265.321045,1968.749023,2115.378174,3014.380371,2803.002197,3894.281738,2315.068604,3101.448730,2296.365479,4572.985352,4722.041504,5782.271973,3700.655273,3994.667969,3812.455322,4046.197021,1462.798096,3452.937744,3143.061768,4320.823242,1987.273804,4065.553955,2097.245605,2348.625000,128.060959,151.265137,160.371582,228.377945,220.399536,197.247162,130.856598,236.022141,0.000000
369567.329530,244.538177,489.354797,450.994843,735.035339,415.161713,528.673340,359.687836,495.862335,1173.659546,1826.509521,1963.807983,2799.408936,2598.748535,3614.996826,2142.865723,2876.443604,2127.369141,4236.857422,4369.978027,5358.379395,3429.337158,3709.060059,3527.247070,3750.410645,1354.188843,3197.716797,2908.948242,4002.067383,1840.643555,3767.156250,1940.219360,2174.931885,118.764061,141.071869,148.617126,212.905991,204.493378,184.397507,121.147316,219.064453,0.000000
369567.339530,226.891922,455.643707,418.342194,684.289978,386.081757,494.039429,332.927673,461.032684,1087.397217,1694.509399,1821.279785,2598.794434,2409.012695,3353.898682,1982.946533,2667.011963,1969.607788,3923.450928,4044.623779,4963.331543,3177.450195,3440.529053,3263.347412,3475.659180,1253.262573,2959.576904,2692.653076,3704.713623,1704.570190,3487.426270,1794.975342,2013.860840,110.004234,130.869614,138.066162,197.660995,189.650009,171.140350,112.148605,203.324615,0.000000
369567.349530,210.442490,422.307770,388.610352,634.526611,358.359833,458.321777,308.277954,428.118164,1007.364136,1569.778687,1688.119507,2408.837646,2231.232178,3107.868164,1834.935181,2470.625732,1823.451294,3632.276123,3742.523682,4595.441406,2942.080078,3188.530762,3019.091309,3218.615967,1159.863647,2739.031494,2491.600098,3428.832520,1577.797607,3228.215576,1660.559448,1863.711914,101.893105,121.461121,127.797256,183.370926,175.657425,159.003860,103.784103,188.289627,0.000000
369567.359530,195.040695,391.925079,359.974854,588.789124,332.319031,426.106537,285.297882,396.948364,932.702576,1454.319580,1563.815796,2232.571289,2066.280762,2879.521484,1697.696411,2288.235596,1687.581177,3362.189941,3463.191650,4254.360840,2723.942871,2954.136230,2792.989502,2980.342041,1073.175659,2534.531250,2305.863770,3173.198486,1460.489502,2987.541260,1536.221558,1724.994019,94.320030,112.528961,118.493904,169.939453,162.738281,147.356934,96.050514,174.483704,0.000000
369567.626021,180.652710,363.015045,333.858032,545.501221,308.078247,394.894409,264.039001,368.051727,863.472900,1346.401489,1448.326904,2067.590088,1912.751221,2666.207031,1570.690552,2118.464600,1561.758667,3111.564453,3204.143555,3937.473389,2521.075928,2735.461914,2583.782959,2758.655029,992.969299,2345.178955,2133.479736,2936.267334,1351.395020,2764.730469,1421.174316,1596.101807,87.327911,104.280670,109.662399,157.443924,150.617325,136.624359,88.884323,161.491241,0.000000
369567.636021,167.305542,336.401764,309.050018,505.435364,285.298126,366.300446,244.331177,340.820007,799.159729,1246.525024,1340.768799,1914.670532,1770.386353,2468.591797,1453.053589,1960.929077,1445.056152,2879.422852,2964.453857,3644.005127,2333.165283,2532.678223,2390.140869,2553.235107,918.619080,2169.807373,1974.009766,2716.895508,1250.495483,2558.250977,1314.658203,1476.918823,80.802391,96.572632,101.580780,145.839066,139.450623,126.550987,82.232758,149.552078,0.000000
369567.646021,154.830795,311.473083,286.280396,468.053711,264.254974,339.309174,226.052551,315.719543,739.549866,1153.636475,1241.096069,1772.291870,1638.324341,2284.722900,1344.192627,1814.793579,1337.009644,2664.154785,2742.485352,3371.703613,2158.883057,2344.037598,2211.012207,2362.661865,849.880249,2007.375366,1826.258301,2513.543701,1156.888306,2366.935547,1216.107788,1366.341431,74.781738,89.404564,94.017105,134.998962,129.010147,117.187401,76.082062,138.368134,0.000000
369567.656021,143.333130,288.359955,264.928741,433.272522,244.547745,314.297363,209.147736,292.169586,684.301331,1067.625977,1148.499512,1640.353149,1515.943726,2114.476318,1243.442261,1679.286865,1236.939575,2464.931885,2537.095703,3119.697510,1997.505127,2169.357422,2045.260132,2186.136719,786.223999,1857.097046,1689.512573,2325.443848,1070.363892,2189.876953,1124.910522,1264.120361,69.177361,82.764465,87.026802,124.985580,119.394882,108.503044,70.378609,128.068176,0.000000
369567.666021,132.622528,266.904694,245.222641,401.060822,226.384949,290.993256,193.477783,270.481506,633.121521,987.873108,1062.776611,1517.935547,1402.598755,1956.522827,1150.221436,1553.807983,1144.307007,2280.360107,2347.034912,2886.184326,1848.048584,2007.266602,1891.929077,2022.646729,727.350586,1717.965942,1562.946655,2151.242676,990.212769,2025.844482,1040.576294,1169.436035,64.007545,76.580093,80.532219,115.642944,110.449478,100.408646,65.109268,118.476677,0.000000
369567.676021,122.750946,246.982422,226.916031,371.102875,209.459320,269.345551,178.982910,250.255157,585.729492,914.018677,983.297058,1404.541138,1297.625610,1810.306152,1063.973267,1437.556152,1058.572144,2109.580566,2171.140869,2670.105957,1709.690796,1857.240479,1750.077759,1871.269775,672.844543,1589.276001,1445.802734,1990.122925,916.074524,1874.088745,962.569641,1081.842285,59.212639,70.872917,74.514183,107.024055,102.196678,92.935020,60.229485,109.625999,0.000000
369567.686021,113.566597,228.564392,209.980560,343.431122,193.849258,249.289993,165.561096,231.603912,541.854370,845.633545,909.746216,1299.505981,1200.463501,1674.858765,984.185059,1329.976562,979.219727,1951.472656,2008.402222,2470.045166,1581.637939,1718.233887,1618.853638,1731.169556,622.410034,1470.148926,1337.422974,1840.952148,847.423767,1733.598389,890.414795,1000.740845,54.781570,65.567184,68.944542,99.005806,94.542168,85.987862,55.716473,101.414276,0.000000
369567.696021,105.072021,211.468475,194.282593,317.726440,179.340912,230.662216,153.145767,214.270462,501.253876,782.315674,841.624512,1202.243164,1110.510132,1549.486206,910.377808,1230.362793,905.804016,1805.177368,1857.792236,2284.921143,1463.111206,1589.579712,1497.467896,1601.482300,575.742065,1359.945068,1237.151001,1702.962524,783.895813,1603.689575,823.665588,925.732422,50.676994,60.668972,63.786263,91.606247,87.467781,79.570564,51.538441,93.825432,0.000000
369568.015316,97.204353,195.654083,179.754959,293.975250,165.929977,213.445679,141.662598,198.255966,463.696014,723.725037,778.597595,1112.221069,1027.276855,1433.440308,842.106995,1138.200195,837.884399,1669.809204,1718.471802,2113.609131,1353.450684,1470.476562,1385.185303,1481.492432,532.564819,1257.962036,1144.402100,1575.268311,725.129578,1483.512817,761.921631,856.352722,46.881050,56.125919,59.009838,84.740623,80.916779,73.613922,47.673962,86.798882,0.000000
369568.025316,89.924080,180.997650,166.292313,271.948334,153.492706,197.462051,131.039734,183.403229,428.935303,669.501465,720.246460,1028.895752,950.251160,1326.036499,778.955811,1052.895996,775.067139,1544.589844,1589.644409,1955.098999,1251.977539,1360.249268,1281.323486,1370.447998,492.644348,1163.630371,1058.606812,1457.166260,670.789124,1372.364868,704.806885,792.184509,43.367432,51.925117,54.586899,78.397385,74.855057,68.108902,44.102882,80.298264,0.000000
369568.035316,83.187874,167.439651,153.826630,251.586090,141.992752,182.692673,121.223625,169.664856,396.786652,619.338379,666.269897,951.795593,878.995544,1226.663696,720.542236,973.976685,716.966187,1428.789917,1470.491821,1808.492554,1158.111084,1258.261597,1185.255127,1267.717651,455.730591,1076.382202,979.252319,1347.909668,620.522705,1269.521851,651.970337,732.816895,40.119278,48.031479,50.499947,72.522476,69.245384,63.004147,40.799576,74.283859,0.000000
369568.045316,76.960342,154.892426,142.307343,232.728012,131.366592,169.000488,112.150787,156.962341,367.051422,572.914673,616.327820,880.441345,813.103516,1134.702881,666.524719,900.944702,663.227966,1321.694580,1360.279907,1672.914185,1071.283203,1163.904175,1096.409424,1172.666382,421.588226,995.694519,905.837463,1246.859497,574.020447,1174.369141,603.089722,677.877502,37.112331,44.433376,46.713802,67.089882,64.053841,58.281174,37.741413,68.713928,0.000000
369568.055316,72.146782,143.291107,138.679611,215.284134,121.524521,156.327515,112.512848,145.200790,340.616821,529.969299,577.121826,814.432983,752.163452,1049.640503,625.252441,833.391052,614.645508,1222.636719,1265.176514,1547.511963,990.960388,1076.625244,1022.810547,1084.722656,391.248566,921.058594,844.759705,1153.387451,531.010010,1086.349487,566.484131,627.050598,36.567581,41.102760,49.247372,62.061157,59.252678,53.913414,42.804459,63.562824,0.000000
369568.065316,89.744202,140.645752,149.320877,204.561737,113.500526,160.870377,116.887955,149.336090,341.076080,498.251709,564.595825,758.673340,696.832642,987.061890,604.849426,785.736633,595.473755,1138.947876,1209.573120,1436.769653,917.707214,1012.039490,980.589783,1018.130737,392.125793,859.766296,822.232788,1071.993042,492.140289,1020.873047,563.839050,594.263672,54.515228,44.417084,69.975075,61.198193,55.308826,64.250450,58.906124,69.878365,0.000000
369568.075316,138.000504,141.505432,203.660049,196.669846,117.113831,192.034454,152.282471,156.367569,392.851257,479.615692,614.633240,713.452698,657.528809,978.227478,624.506897,759.910339,632.205261,1078.551270,1220.872925,1342.511963,862.088806,1006.783569,981.978088,978.054443,448.127319,824.290039,861.142334,1006.599182,469.183807,1032.053711,596.970764,595.688110,60.807076,53.854660,75.397102,58.920940,61.454773,109.771400,67.057114,76.385956,0.000000
369568.085316,153.246140,171.158066,223.921249,186.867371,137.313873,314.938202,169.903717,170.026199,455.482819,497.370331,687.013000,673.556946,648.491760,1098.719604,667.176514,750.895935,693.022217,1060.140625,1293.846191,1260.068237,839.519470,1134.999512,1029.323853,958.632507,548.266418,824.831665,957.313049,953.624634,476.834656,1166.378418,663.747803,621.510071,64.431816,56.773869,77.449097,60.245686,61.266987,124.566956,68.915253,87.216095,0.000000
369568.361591,164.320160,182.317444,230.792160,179.704849,140.263809,366.728943,169.706497,182.574738,518.614075,523.477966,754.412170,642.693970,647.943298,1266.469360,702.586548,766.805908,779.548584,1078.745117,1382.355225,1191.408936,832.721191,1353.322144,1088.693481,970.246399,654.920959,862.530151,1064.359985,910.661682,508.959656,1417.031860,735.928284,665.349487,68.141418,57.599560,82.225143,57.677288,58.617035,127.958588,71.669609,87.200157,0.000000
369568.371592,156.390930,182.503220,218.815170,167.235886,142.449738,388.238037,160.615494,172.797974,585.742920,545.457214,828.691956,613.818420,651.305054,1421.661743,742.981873,777.485596,886.081726,1105.350220,1475.929932,1132.296021,832.607666,1612.519653,1154.156128,985.389587,757.252075,909.074341,1163.816772,875.500977,545.883362,1687.106079,794.991577,726.653809,72.323776,58.072422,84.705681,55.444519,61.983906,143.377106,75.050941,85.547325,0.000000
369568.381592,146.247604,172.107483,234.321381,155.042023,134.056076,370.267639,177.328842,161.896042,646.513245,588.809448,892.552795,586.575256,659.199951,1590.385010,778.069824,789.562073,985.539673,1143.346924,1570.871216,1078.308350,841.849304,1906.048340,1239.342285,1003.302429,851.063477,950.840820,1236.870117,843.467529,582.344116,1937.128418,834.134155,783.548828,79.956543,56.709526,108.163193,54.282394,62.116295,150.011276,89.468246,88.050400,0.000000
369568.391592,177.063217,178.124924,262.416046,152.050461,140.094345,388.825714,192.303864,158.307281,722.686951,626.399231,936.124329,559.746216,661.261658,1733.630859,785.138306,795.293091,1078.461426,1198.289185,1683.981689,1021.522522,857.334473,2194.007324,1360.641968,1011.531006,891.487793,977.656006,1257.318115,822.517151,612.038147,2143.680176,864.772278,844.647156,98.178810,65.613617,143.051727,56.108421,68.181854,181.131271,99.940071,91.905327,0.000000
369568.401592,234.127365,187.190826,374.072327,167.958618,155.329483,410.605255,247.539398,167.645493,768.750854,646.291199,994.048889,567.394958,657.213989,1822.137207,792.279541,806.659241,1253.294312,1278.624268,1836.455200,976.956970,885.730164,2558.843750,1520.780396,1007.408447,880.608643,977.005310,1243.834839,820.065857,627.674561,2288.508789,853.262939,941.999084,111.473610,81.776184,166.631729,70.842201,90.446205,201.896515,111.565277,121.578674,0.000000
369568.411592,238.860580,232.071487,416.612457,193.347183,220.874069,495.697876,271.782043,240.388840,755.650574,657.205139,1050.325317,597.615356,679.611694,1842.139893,796.294678,896.428284,1476.298950,1402.654053,2161.482422,985.832397,1004.654602,2999.554443,1743.154053,1178.357910,1013.865479,942.702026,1481.869385,853.271179,651.422974,2342.252197,998.004395,1096.484497,119.857353,90.510849,177.741089,82.408371,98.777458,233.628494,116.192978,133.633087,0.000000
369568.421592,241.966782,247.524750,417.357086,191.425476,245.215591,516.718018,265.745056,277.008911,735.888855,649.367249,1093.067627,616.874084,719.909851,1728.981567,792.640442,1046.487671,1702.257568,1562.630859,2582.985107,1019.427429,1212.453857,3529.827881,1976.971313,1418.618408,1193.480713,927.977417,1749.217896,912.325195,729.732971,2316.984619,1143.573242,1313.249634,122.824852,91.401176,176.356064,91.385185,100.793243,247.726700,113.224236,135.898697,0.000000
369568.431592,247.466904,239.562225,394.917938,191.285049,249.366898,489.996002,250.631439,291.158569,716.148987,635.015442,1141.292480,638.162231,756.583618,1652.650513,802.526794,1189.010498,1940.418213,1718.316406,2997.000732,1062.710449,1429.065308,4064.703125,2205.297852,1670.662598,1330.445679,974.826172,1979.888794,979.423828,856.984131,2391.915039,1261.300293,1534.067993,133.752914,90.281143,182.166260,96.633247,104.632759,241.307770,111.200356,145.048676,0.000000
369568.565281,254.769775,238.865738,389.374054,185.223679,236.678040,467.816010,236.320129,278.977570,691.390137,655.209717,1206.573364,656.545837,806.730286,1597.876221,808.562012,1338.821045,2196.440674,1856.873291,3358.920898,1121.969116,1649.325073,4580.706055,2424.078613,1922.425415,1426.087524,1096.178101,2212.431396,1049.370605,964.541748,2648.427490,1363.339600,1732.506836,142.852951,95.311867,184.013977,103.116119,106.678116,252.155273,108.991791,152.274399,0.000000
369568.575281,257.736298,256.601257,374.621948,179.105545,223.246841,442.409698,222.225266,270.093689,670.558105,719.242432,1340.382690,662.114807,849.151978,1673.631104,824.566467,1472.026001,2448.254150,1956.992798,3663.207764,1185.990967,1861.695068,5069.075684,2625.836670,2162.774414,1504.220581,1242.377930,2446.225830,1118.635376,1056.852783,2876.526367,1454.217529,1914.290283,141.349747,99.801575,201.510086,113.351028,108.123398,257.403412,106.245827,158.836212,0.000000
369568.585281,257.914642,261.672058,392.610931,175.073471,228.988495,442.150238,224.535233,282.137329,670.634766,803.946167,1496.889404,664.287842,902.898987,1791.940918,891.935181,1612.184937,2698.603760,2072.866943,3926.578369,1249.165405,2052.497070,5504.239258,2811.907959,2363.152100,1589.705566,1417.115112,2640.245361,1181.303467,1157.372070,3110.302979,1525.338135,2058.000000,147.317642,101.853363,205.395264,118.571243,102.786247,266.754364,106.863365,150.758850,0.000000
369568.595281,263.793304,247.529709,416.879425,168.956146,238.528946,438.078888,236.490799,323.578125,680.615662,863.337402,1620.921997,663.005005,944.307312,1866.032349,941.354126,1714.893311,2931.076904,2205.431152,4156.288086,1310.233765,2239.269043,5904.615234,2975.969727,2523.532715,1664.351807,1597.791138,2832.030518,1237.317627,1276.020142,3364.706299,1591.837524,2151.674561,145.783325,112.312447,229.054672,124.378685,98.065590,268.552643,121.652611,150.431442,0.000000
369568.605281,265.855988,232.587128,477.082184,187.952438,249.642151,454.504547,265.503815,352.068298,688.665833,907.117004,1830.672852,651.324402,984.211121,1882.146118,1017.836731,1706.659424,3102.902344,2342.731445,4461.943359,1389.483032,2414.602051,6306.311035,3148.859131,2658.697754,1714.273560,1771.623901,3098.124023,1258.678589,1387.964478,3652.845215,1671.736206,2205.344482,168.970200,119.300316,256.510681,138.234711,100.831146,283.794403,157.925339,185.669693,0.000000
369568.615281,297.944336,236.987137,590.986328,217.607132,258.430267,463.825043,400.424652,380.749664,757.378296,934.140686,2104.210938,692.186707,1045.375366,1959.673340,1206.044434,1714.132202,3224.549561,2495.359863,4817.727539,1500.678223,2538.487061,6747.472168,3342.458008,2840.666748,1803.737305,1925.039429,3368.801514,1195.973267,1475.280640,3974.264404,1897.728394,2245.471436,178.797562,129.524948,274.874603,181.536804,120.026611,303.957214,174.099747,191.382706,0.000000
369568.625281,337.660156,271.286926,677.860596,349.855316,308.340851,499.649261,477.684143,431.911774,891.274780,1003.199768,2488.713867,852.982849,1150.302612,2073.533447,1491.288208,1761.224976,3378.716064,2674.871338,5287.319336,1710.444580,2623.464355,7198.119629,3650.756104,3125.691162,1873.780762,2034.535400,3713.247803,1425.952393,1600.092163,4268.638184,2269.436035,2339.216797,186.346130,132.628326,272.197601,186.041733,131.075378,295.256012,198.722900,225.699402,0.000000
369568.635281,350.386475,273.856140,679.389160,437.243866,340.580933,538.111694,489.193695,510.219971,1036.294800,1102.101807,2828.957764,1133.637573,1279.007935,2274.293457,1741.477539,1927.846924,3619.233643,2844.853271,5808.983398,2023.083618,2688.977295,7679.729004,4008.545654,3605.608887,2004.642212,2128.147217,4174.461914,1766.279175,1785.348511,4470.919922,2649.649170,2526.447754,204.951004,142.242401,324.306244,221.052505,132.704620,277.352295,210.179291,242.324829,0.000000
369569.007883,402.982971,272.325653,754.049255,438.770966,351.141785,531.917725,517.326172,522.068054,1244.437988,1196.071045,3211.974121,1409.461670,1398.773804,2467.357910,2008.000732,2151.119873,3872.219238,3006.004150,6332.002930,2368.710449,2868.958008,8180.459961,4381.256836,4143.874023,2084.775879,2327.515381,4491.989258,2140.500244,1965.526123,4588.233887,2950.414551,2779.315430,219.939514,144.028580,316.009735,233.304413,144.206924,326.465393,224.811340,268.028137,0.000000
369569.017883,408.650940,258.705444,792.753296,472.898254,381.387970,614.165161,536.120728,604.768799,1440.136597,1288.705688,3439.761230,1728.928467,1549.825439,2714.576904,2173.444336,2489.679443,4185.528809,3169.433350,6928.281250,2869.378662,3049.069336,8659.941406,4802.359375,4733.731934,2115.320801,2494.168701,4665.396973,2461.403320,2081.372070,4754.691406,3173.310547,3034.969482,229.335587,150.997696,313.267487,263.961487,146.815063,326.822571,230.488800,273.065277,0.000000
369569.027883,403.580231,240.307465,812.578796,503.226654,374.622528,652.149780,547.766235,646.432129,1614.738892,1368.177246,3868.783936,2002.883423,1663.014648,2856.807617,2313.312256,2870.433105,4494.993164,3322.195557,7503.937988,3455.467529,3266.026123,9184.880859,5246.284668,5424.469238,2253.080078,2642.460205,4784.854492,2717.051758,2140.997314,5018.749023,3357.782227,3314.978760,225.820770,155.337402,309.348022,280.057037,149.626297,315.171936,229.964661,277.954712,0.000000
369569.037883,388.329071,230.714249,799.532349,509.838898,371.204834,655.586548,544.560547,653.209473,1776.791626,1440.661499,4308.965332,2234.307617,1766.552856,2953.238525,2416.011963,3210.041260,4799.262207,3470.267578,8034.165527,4022.445557,3474.277100,9698.780273,5680.793945,6107.407227,2360.730225,2783.835938,4903.150879,2931.744629,2193.749512,5296.142090,3526.943604,3574.677979,228.768585,159.966797,311.956299,283.214783,142.250916,326.206696,231.944305,276.105225,0.000000
369569.047883,367.394287,220.171188,780.375366,506.288971,355.184753,628.629517,540.513733,645.873901,1921.066284,1504.830444,4708.695801,2443.602051,1851.754028,3003.442871,2627.781982,3542.325684,5086.850586,3609.803711,8525.384766,4555.280762,3678.263184,10166.778320,6085.836914,6756.188477,2456.463867,2917.280518,5021.968750,3122.831543,2257.606445,5531.492188,3687.695801,3774.480469,233.833786,164.404587,312.033325,292.501526,137.699783,329.555054,236.687988,272.407166,0.000000
369569.057883,344.294861,211.485367,745.854126,501.111786,338.945251,598.043396,524.282959,623.594727,2056.619385,1561.983032,5085.895996,2635.238037,1928.888184,3041.710205,2830.560303,3838.462891,5350.069824,3741.205811,8960.956055,5048.396973,3867.943115,10601.540039,6469.262695,7366.324219,2552.182617,3039.941895,5132.820801,3302.210693,2318.432373,5737.765137,3839.170410,3944.882324,237.708221,168.827881,313.508606,301.917786,135.932327,332.479706,241.197052,274.917358,0.000000
369569.067883,320.976562,201.237808,718.496643,484.163055,314.486603,569.743896,509.998322,584.241211,2180.520020,1612.913696,5432.832031,2812.550049,1997.213257,3061.424561,3017.739990,4121.779785,5593.157227,3864.784424,9357.381836,5494.062988,4040.291504,10989.803711,6825.863281,7916.351074,2640.146484,3152.108154,5242.730957,3472.978760,2368.573486,5937.409180,3975.962891,4108.943359,239.182816,173.165054,316.511749,310.636902,134.160034,334.274475,242.104843,278.393219,0.000000
369569.077883,303.218567,190.274292,706.203796,470.967773,291.702148,546.660522,503.857849,554.200256,2295.781494,1658.632446,5756.851074,2974.186035,2059.787354,3077.409668,3190.723389,4380.983887,5812.770020,3979.209473,9718.393555,5902.289062,4198.211426,11342.655273,7156.827637,8419.038086,2716.864990,3255.145020,5474.383301,3629.264648,2413.896240,6128.054688,4096.900391,4266.723145,241.069794,176.656967,319.542297,320.131927,130.888443,333.222260,243.810211,283.490479,0.000000
369569.196895,284.354767,180.969727,692.098145,465.309723,276.319550,534.588928,497.628723,536.843445,2399.791260,1700.360596,6052.037109,3122.272705,2115.336426,3083.578857,3348.164551,4625.462402,6015.143066,4085.804932,10048.248047,6274.373047,4339.770996,11666.108398,7464.753418,8875.862305,2787.194336,3350.419189,5690.786621,3767.915527,2459.192383,6300.252930,4291.341309,4418.765137,243.688385,179.792847,323.840942,327.431244,130.170410,334.636200,246.179688,287.872101,0.000000
369569.206895,296.703064,172.498322,683.833435,459.151947,261.226105,518.059692,491.692810,519.335144,2514.424072,1738.196167,6307.044434,3256.519287,2164.596924,3091.901611,3492.411621,4846.842285,6182.874512,4183.773438,10323.673828,6615.793457,4508.503906,11961.736328,7766.730957,9291.832031,2847.213623,3438.530518,5914.314941,3893.496582,2502.873779,6454.928223,4497.216309,4561.284180,249.692215,183.308609,317.616180,332.765015,129.345978,337.268158,233.201248,292.325684,0.000000
369569.216895,316.148102,178.594147,728.752930,456.139832,261.216766,562.609741,533.155212,509.075195,2572.253906,1772.556641,6607.963867,3384.919922,2209.902344,3158.345459,3683.032959,5050.380371,6279.148438,4276.173828,10551.450195,6936.366699,4703.791016,12167.246094,8042.043945,9674.063477,2891.579102,3509.085938,6185.870117,4008.554199,2530.212158,6537.979980,4736.887207,4671.606445,259.563873,181.455887,306.882355,339.526611,123.934654,323.326416,228.671890,303.309174,0.000000
369569.226895,315.641235,210.682861,727.920593,458.851044,258.927277,662.942627,533.153687,488.129608,2596.903809,1753.749512,6921.931641,3510.261475,2219.856201,3144.172852,3876.814941,5201.937500,6345.352051,4328.583008,10768.937500,7239.174316,4912.423340,12271.424805,8265.190430,10013.550781,2900.625488,3553.103516,6483.958496,4168.104492,2529.529053,6491.292969,4998.206543,4737.606445,247.884277,186.456238,313.675812,342.402008,124.612099,330.387238,235.343002,303.253174,0.000000
369569.236895,327.462738,215.577255,713.052734,448.478912,249.271942,670.016052,526.126038,482.808319,2584.662598,1743.576660,7238.898926,3626.038330,2220.604004,3031.312500,4061.456299,5311.147461,6372.113281,4344.364258,10955.003906,7530.605469,5111.789062,12364.745117,8461.353516,10299.402344,2887.528809,3589.062256,6776.945801,4331.746582,2518.445068,6351.661621,5255.972168,4766.398926,252.480133,192.351883,323.242615,346.773346,125.584557,342.746460,224.692520,301.698883,0.000000
369569.246895,316.916138,221.328369,724.042297,441.528595,245.764755,679.654114,537.818054,469.204956,2557.604492,1735.626221,7524.873047,3726.818359,2210.444336,3230.895264,4210.730469,5414.397461,6377.125488,4345.613281,11147.221680,7806.469238,5307.132812,12403.501953,8595.298828,10550.038086,2890.527588,3640.511230,7102.706543,4488.363770,2517.445557,6230.621582,5536.841309,4774.571777,264.224060,187.325378,312.758148,352.868073,124.051338,327.786041,251.756363,301.548553,0.000000
369569.256895,319.084778,227.214722,799.087402,434.887268,247.384323,660.348938,618.559143,455.111298,2506.048096,1770.409912,7674.500488,3823.419189,2233.579346,3510.281250,4245.195801,5516.735352,6361.620605,4304.931152,11412.788086,8057.913574,5462.445801,12419.834961,8623.237305,10760.161133,2900.497070,3724.985596,7491.679688,4628.467285,2533.527588,6164.907715,5861.446777,4748.515625,265.337799,204.101212,313.638733,362.438873,131.662598,321.444305,255.472763,314.740692,0.000000
369569.266895,347.149689,274.129059,834.885254,418.686249,296.206207,661.833313,634.106140,462.534271,2439.221680,1808.622681,7794.213867,3938.089844,2312.186768,3723.900391,4260.541016,5669.994629,6278.913086,4235.163086,11684.484375,8273.454102,5534.334473,12459.994141,8611.189453,10905.783203,2917.592773,3854.195068,7866.860352,4748.765137,2598.369629,6137.657227,6196.736328,4678.010254,251.393051,208.138977,317.704712,366.958099,136.090866,313.994141,261.535950,313.956177,0.000000
369569.571653,367.404327,296.984589,917.444397,447.611267,316.751984,691.994324,679.367676,512.339478,2457.229248,1821.422729,7754.132812,4059.795166,2376.263428,3924.404297,4196.318359,5864.611328,6150.510742,4173.087402,11871.278320,8425.709961,5592.255859,12463.703125,8609.590820,10946.824219,3001.046143,3992.087158,8087.231445,4845.810547,2678.594727,6099.619141,6442.289062,4547.819824,256.775452,207.399902,308.852936,365.270111,141.323166,320.165222,267.115295,300.172241,0.000000
369569.581653,374.685974,359.030823,877.842407,444.692535,398.396912,764.375122,648.226379,526.015381,2500.188721,1845.896606,7652.446777,4135.097168,2519.076660,4000.139160,4162.325684,5970.714355,6019.610352,4050.103760,12071.651367,8525.580078,5568.444336,12389.563477,8877.452148,10895.021484,3096.791016,4079.068604,8174.443359,4915.888672,2691.672119,5984.820801,6593.727051,4416.455566,260.779144,213.131332,327.608978,352.764038,136.889877,301.812164,273.850128,291.303589,0.000000
369569.591653,381.017059,352.738983,863.980774,434.623993,406.006805,746.107544,621.729248,501.435608,2582.449463,1800.289062,7530.824219,4186.481934,2660.004150,3957.650391,4140.689941,6012.779785,5875.879395,3930.122803,12229.822266,8593.287109,5557.423828,12332.951172,9123.521484,10812.936523,3176.332031,4112.278320,8218.820312,4984.311035,2644.780518,5789.651367,6710.201660,4388.517578,245.672424,226.472855,321.525269,359.404541,149.649948,305.709351,287.487213,305.460419,0.000000
369569.601653,363.479462,345.897034,837.819702,421.977264,416.689117,737.179077,617.835510,511.216187,2661.512207,1747.659790,7435.023438,4203.780762,2809.976074,3890.522705,4151.296875,6006.734863,5873.001953,3813.009277,12354.377930,8626.996094,5609.657715,12262.535156,9333.339844,10692.405273,3237.073975,4121.047852,8239.102539,5065.822266,2616.702881,5572.973145,6811.970703,4325.696289,230.914413,235.454010,305.302368,357.013367,151.586349,309.722565,292.045502,300.899414,0.000000
369569.611653,347.808380,322.072937,825.480713,420.269897,394.906219,712.558350,604.074951,497.915710,2721.070801,1678.298462,7335.568359,4216.393555,2950.288574,3808.641113,4171.166504,5976.926758,5914.979004,3712.555420,12476.574219,8642.628906,5617.337891,12169.804688,9526.001953,10596.117188,3278.418213,4110.457031,8250.827148,5154.513184,2625.803467,5389.572266,6907.463379,4266.131836,230.294830,230.992371,298.453827,354.210907,150.673386,299.978729,294.112885,297.749329,0.000000
369569.621653,353.644592,322.952026,809.486084,417.883850,376.443207,674.381531,588.057251,481.015198,2768.366943,1628.852661,7236.068359,4228.568848,3073.757568,3746.092773,4194.326172,5952.812012,5931.595703,3663.589111,12589.270508,8649.767578,5672.500977,12084.022461,9700.080078,10788.957031,3294.252441,4079.183350,8256.803711,5244.705566,2640.212891,5231.022461,7000.894043,4214.714844,220.187729,238.644867,290.081787,350.397430,146.196823,290.709137,300.094940,292.862366,0.000000
369569.631653,346.113037,319.335052,816.764648,407.440918,386.060089,642.984680,576.145203,457.506775,2782.437256,1570.991455,7086.793945,4243.910156,3195.825684,3674.675293,4209.714355,5907.076172,5934.003418,3752.238281,12739.223633,8646.791992,5804.181641,11986.775391,9867.375000,10986.254883,3283.685791,4027.275146,8212.408203,5335.492676,2634.408447,5061.868164,7080.759766,4152.161133,210.583405,227.022278,280.791748,350.103088,145.785156,272.191803,307.144684,285.368530,0.000000
369569.641653,335.366028,318.667633,781.402649,411.005646,381.328156,615.920959,566.749573,476.964569,2797.752441,1615.197876,6961.763184,4283.897949,3271.973145,3642.789551,4229.376465,5908.742676,5942.287109,3822.445312,12881.333008,8619.635742,5946.819824,11859.706055,10011.809570,11142.608398,3271.097168,3955.744873,8135.701660,5431.109375,2596.529297,4871.789062,7157.756348,4077.869141,202.044296,230.857056,289.128845,357.691803,142.963654,268.959106,308.482056,274.382477,0.000000
369569.911614,354.723999,298.394867,791.963684,435.637970,361.662689,587.752991,636.834900,476.658264,2841.356445,1676.022339,6879.026367,4329.499023,3328.819824,3637.904541,4293.684082,5952.881836,5958.595215,3872.000244,12952.402344,8568.796875,6105.074219,11709.521484,10076.183594,11244.567383,3269.434326,3866.304199,8071.389648,5556.853516,2539.953857,4858.744141,7198.897949,3969.786621,211.119034,223.700562,313.201996,349.274384,138.477905,269.290161,310.591522,291.175171,0.000000
369569.921614,402.103790,316.841492,885.069336,511.549133,365.178650,586.919739,744.802673,492.722229,2893.368408,1731.658691,6772.768555,4422.544922,3410.277100,3675.396973,4280.189941,6053.399414,5930.949219,3885.453613,12865.837891,8461.407227,6247.357422,11509.185547,9954.094727,11273.600586,3296.485107,3778.497070,8041.499023,5645.281738,2456.585449,4873.592773,7219.341797,3770.091309,212.295822,212.488205,327.352203,358.993713,152.111847,282.435028,323.238281,303.080109,0.000000
369569.931614,403.609039,340.124878,889.871460,632.052917,396.836060,620.075745,730.187744,551.565735,2878.383545,1722.141724,6511.298340,4550.587402,3508.868408,3726.321289,4130.468262,6190.261230,5827.177246,3839.828369,12689.860352,8241.881836,6309.489746,11233.154297,9744.459961,11171.828125,3360.549561,3689.357666,8081.057129,5657.823242,2312.250244,4921.531250,7254.904785,3530.272949,208.300079,212.611298,333.593231,366.951630,156.115921,285.547607,341.394989,298.488892,0.000000
369569.941614,444.805237,330.753418,950.829041,637.796753,405.170380,623.492065,772.639893,589.140625,2875.066162,1695.315063,6255.223145,4564.714844,3546.982422,3698.270752,3968.427002,6227.008789,5718.614746,3768.636475,12448.416992,7939.872559,6302.319336,10931.539062,9456.696289,10970.940430,3381.568115,3603.621582,8050.877441,5655.541992,2271.164551,5008.557617,7205.409668,3493.832520,207.944351,210.235382,334.454712,387.813263,155.778595,284.084595,335.794250,294.384399,0.000000
369569.951614,492.547852,324.514832,1034.733521,700.543396,450.088013,675.522888,812.967407,668.242798,2812.768799,1650.077759,5906.178223,4591.461914,3586.789307,3685.443848,3751.255371,6273.270020,5523.375977,3678.599121,12018.946289,7572.760254,6265.684570,10592.990234,9042.295898,10736.503906,3317.597900,3501.828613,7851.477539,5554.497559,2362.043701,5033.328613,7034.266113,3441.930664,205.721573,199.148956,329.838165,385.156219,170.188538,286.733551,325.732300,295.844879,0.000000
369569.961614,483.126831,310.175812,1010.540161,754.924133,468.819397,758.670105,789.911926,765.549194,2692.777344,1619.202637,5529.140625,4532.296875,3554.085693,3603.839355,3529.979980,6213.986328,5280.373535,3571.630371,11512.574219,7067.591309,6148.083496,10112.827148,8599.476562,10332.679688,3212.455566,3386.628662,7564.816406,5315.730957,2390.770752,4916.832031,6811.750977,3309.931396,210.974838,190.549072,348.838348,365.976929,179.615173,282.071655,330.331146,284.527985,0.000000
369569.971614,488.548431,298.247742,1014.932312,724.755127,449.930145,742.273193,779.675781,741.538208,2566.117676,1592.334351,5244.505859,4382.027344,3488.016357,3422.813232,3360.739990,6026.124512,5023.358887,3468.805176,10985.296875,6634.617676,6002.486328,9573.064453,8154.428711,9846.578125,3078.478516,3276.302734,7248.232422,5017.044434,2380.067871,4722.657227,6583.334961,3234.557861,199.851944,185.496643,329.142090,364.055634,168.942139,295.012085,311.291382,294.821472,0.000000
369569.981614,459.149048,287.175171,952.249573,706.938721,435.723114,749.081116,736.569153,748.882507,2413.844482,1573.801147,5009.324707,4220.935547,3395.211426,3255.722656,3212.606445,5805.295898,4749.631836,3370.580811,10439.720703,6323.684570,5840.434570,9020.322266,7715.030273,9336.645508,2934.184082,3176.002441,6936.479980,4715.646973,2355.103760,4490.052734,6365.746094,3148.222412,186.731567,179.920502,307.415771,348.460632,173.603638,282.427124,294.578735,287.792877,0.000000
369570.192326,432.202118,276.869629,893.852905,661.807739,417.862030,710.557068,690.216309,723.377014,2270.682129,1557.418579,4799.439453,4040.630127,3293.525146,3080.478027,3084.409180,5533.549316,4492.056641,3280.507812,9934.626953,6008.061035,5667.197266,8451.896484,7312.199219,8798.392578,2805.307129,3085.193359,6658.799805,4435.794434,2333.663330,4249.535156,6172.301270,3057.098389,176.506760,173.202393,295.263367,331.210541,177.995422,261.613037,282.239166,276.070251,0.000000
369570.202326,404.264587,262.660339,837.269470,623.177795,406.476685,670.001526,649.960510,695.567688,2130.066650,1545.682129,4619.570312,3870.770508,3193.910400,2915.489502,2972.091064,5277.190918,4243.586426,3200.728271,9474.067383,5717.972656,5505.485352,7918.601562,6942.820801,8291.248047,2695.028809,3003.570801,6417.229492,4181.486816,2318.779541,4032.591553,6000.402832,2964.274170,167.251266,167.119980,284.225403,313.953461,178.883163,248.836319,272.323303,263.132233,0.000000
369570.212326,382.169647,249.428543,791.101929,578.807739,390.332825,627.543762,616.693970,657.156311,2001.179443,1535.766113,4460.488770,3702.153564,3097.103271,2768.714600,2875.134033,5021.586426,4013.249023,3128.068359,9055.749023,5455.578613,5351.747070,7427.581055,6607.904297,7806.980469,2591.572266,2927.908447,6189.039062,3950.708984,2324.375732,3844.643555,5836.460449,2865.106934,157.041931,162.244278,273.052490,296.182922,179.450974,236.222244,262.446442,251.331345,0.000000
369570.222326,361.965057,237.431641,751.065918,543.228638,375.629730,591.268188,588.825684,622.635925,1878.009521,1528.574585,4323.055176,3542.617432,3003.443359,2636.695557,2789.489502,4780.336914,3794.892334,3062.691895,8682.065430,5218.443359,5212.468262,6978.327637,6305.820312,7359.834961,2491.747070,2856.000977,5967.580078,3731.917969,2401.551514,3668.603516,5678.557129,2777.451660,147.183441,157.614334,262.077484,283.043427,180.099686,223.694595,252.857697,237.549789,0.000000
369570.232326,342.917175,226.828659,713.195618,509.140198,357.420532,558.213623,563.489990,576.349792,1763.318237,1522.631592,4197.287109,3385.957764,2913.995850,2520.468994,2711.527344,4545.522949,3591.901367,3002.978760,8339.483398,5006.112793,5084.741699,6573.962402,6028.057617,6947.285645,2397.212402,2788.697754,5758.973145,3522.144775,2477.405762,3497.110840,5530.611816,2707.922363,138.361679,153.240906,254.265839,270.937500,180.924194,211.382751,243.258072,225.330933,0.000000
369570.242326,321.757690,217.894623,671.574829,476.974091,339.940948,525.479065,536.228455,535.447388,1655.494629,1517.962646,4084.836914,3239.587646,2830.197754,2412.553955,2640.816406,4327.581055,3402.486328,2947.630371,8025.294434,4810.661621,4967.815430,6203.279785,5773.135254,6565.746094,2308.171875,2726.576660,5564.910645,3326.119873,2548.319580,3334.838135,5393.329590,2647.300781,130.301788,149.120148,249.769882,259.189423,182.212921,199.153580,234.756409,212.281021,0.000000
369570.252326,302.314667,209.171249,633.335571,444.191925,326.501251,490.530975,510.951691,504.401337,1554.862061,1514.010986,3980.156982,3100.675537,2751.800781,2315.072998,2575.348877,4121.857422,3226.446045,2896.503662,7735.664062,4628.539551,4861.638672,5863.216309,5537.542969,6217.242676,2225.800293,2669.310791,5385.960449,3145.151367,2613.566162,3183.580566,5266.937012,2590.662354,123.046852,145.255203,246.164078,248.090714,183.160400,188.599289,227.421509,201.358246,0.000000
369570.262326,284.383636,200.882248,597.832703,413.594879,314.075439,458.138611,487.436310,474.304993,1461.135620,1510.688110,3884.730225,2971.855713,2679.366943,2223.611328,2515.337646,3932.582275,3063.488770,2848.893066,7466.061035,4459.440430,4763.812988,5550.213379,5318.743652,5895.562012,2150.795654,2616.595215,5222.546387,2978.416992,2673.442139,3043.851318,5151.249512,2537.396240,116.105576,141.787643,242.376968,237.479904,183.648529,179.388382,220.441605,191.427231,0.000000
