363047.983387,0.232436,0.225627,0.230390,0.151373,0.165607,0.139425,0.147415,0.138674,0.928325,1.107212,0.860729,0.700644,0.934559,1.308828,1.311116,0.969734,1.507153,1.245509,1.015903,1.293486,1.068437,1.380416,1.485657,1.723229,0.945036,0.748589,0.688095,0.685424,1.165409,0.632534,0.785337,0.804062,0.066636,0.060339,0.060690,0.058089,0.081101,0.049598,0.049100,0.066422,1.000000
363047.993387,0.228568,0.234179,0.224454,0.150957,0.175420,0.141279,0.152394,0.141521,0.873086,1.038988,0.832213,0.689411,0.890759,1.266010,1.265314,0.937871,1.579007,1.181970,1.059348,1.254388,1.131966,1.333919,1.511198,1.762764,0.898000,0.766095,0.688489,0.738308,1.224157,0.694606,0.820169,0.801798,0.067276,0.063223,0.059456,0.056644,0.080223,0.050614,0.050636,0.065479,0.000000
363048.003387,0.217089,0.233467,0.223159,0.147146,0.168861,0.142591,0.148472,0.135552,0.821279,0.986070,0.823948,0.679375,0.828524,1.218034,1.206362,0.895627,1.652640,1.119314,1.082017,1.295005,1.218215,1.294983,1.522463,1.787054,0.848328,0.758612,0.696662,0.789577,1.264411,0.760730,0.857562,0.810758,0.066466,0.063989,0.059277,0.055262,0.077677,0.053104,0.050863,0.065195,0.000000
363048.013387,0.208654,0.223720,0.219125,0.146029,0.158275,0.143150,0.139345,0.126100,0.783477,0.938678,0.821921,0.685151,0.768151,1.157237,1.147896,0.850797,1.718848,1.133152,1.093976,1.327016,1.302037,1.272190,1.526187,1.802407,0.808020,0.743399,0.715648,0.827066,1.298183,0.821904,0.891345,0.824322,0.067039,0.063223,0.060943,0.056621,0.073971,0.053555,0.051867,0.066725,0.000000
363048.023387,0.215208,0.218916,0.219676,0.145736,0.152271,0.135515,0.133335,0.121520,0.759201,0.909533,0.836525,0.699467,0.716251,1.102587,1.089378,0.804326,1.766030,1.204429,1.101385,1.355953,1.374090,1.259766,1.520978,1.807289,0.782244,0.732742,0.747819,0.860818,1.330589,0.875276,0.916877,0.842713,0.066523,0.063821,0.060939,0.059037,0.072164,0.052996,0.051080,0.065343,0.000000
363048.033387,0.217067,0.218995,0.204719,0.147797,0.148615,0.132024,0.126095,0.116896,0.757297,0.888940,0.847098,0.724447,0.671157,1.054355,1.040163,0.766044,1.799581,1.265168,1.103067,1.386018,1.436909,1.258139,1.511053,1.804346,0.776300,0.732366,0.789569,0.898895,1.364854,0.915684,0.941370,0.866322,0.063486,0.062271,0.059204,0.060220,0.068674,0.054295,0.050917,0.064846,0.000000
363048.043387,0.220543,0.219908,0.191308,0.145978,0.148964,0.124286,0.117931,0.111164,0.755984,0.890041,0.854877,0.742797,0.639357,1.015671,0.996567,0.737211,1.829723,1.314924,1.128259,1.420317,1.499965,1.260383,1.500336,1.796333,0.768735,0.747900,0.829935,0.933677,1.404443,0.950132,0.964450,0.890437,0.062029,0.061033,0.057356,0.056767,0.065867,0.052999,0.049831,0.064574,0.000000
363048.053387,0.213477,0.211673,0.178945,0.142811,0.141301,0.120110,0.120027,0.108113,0.774290,0.890100,0.861939,0.762892,0.611208,0.979659,0.957514,0.715388,1.838638,1.366362,1.181282,1.448048,1.576580,1.261997,1.482399,1.781480,0.744801,0.769001,0.867629,0.998387,1.446822,0.982044,0.980595,0.911485,0.063581,0.059605,0.056121,0.056226,0.063590,0.050868,0.047593,0.062506,0.000000
363048.189240,0.200230,0.200130,0.168222,0.140785,0.133380,0.125982,0.124360,0.115923,0.796659,0.896560,0.871423,0.783018,0.586215,0.938085,0.923071,0.706162,1.836753,1.407794,1.227815,1.472702,1.649004,1.265926,1.457252,1.761905,0.710788,0.782894,0.904174,1.068935,1.486675,1.003046,0.986327,0.921242,0.061979,0.059475,0.055331,0.053070,0.060629,0.048288,0.050629,0.064250,0.000000
363048.199240,0.199902,0.187893,0.158587,0.132224,0.128287,0.129445,0.133925,0.124513,0.831506,0.905300,0.880948,0.808546,0.562637,0.892665,0.893145,0.704466,1.818694,1.442237,1.270243,1.491762,1.719368,1.271954,1.418644,1.735084,0.713931,0.790749,0.938992,1.133845,1.524416,1.015653,0.974558,0.916124,0.061426,0.057589,0.053660,0.051508,0.057789,0.051582,0.050238,0.064705,0.000000
363048.209240,0.199262,0.179981,0.148983,0.124955,0.125246,0.138118,0.127230,0.118773,0.862303,0.918199,0.888512,0.834764,0.534849,0.841917,0.855652,0.696008,1.788088,1.468806,1.309012,1.511260,1.789810,1.291897,1.370422,1.706413,0.767358,0.796226,0.972190,1.189096,1.561473,1.033423,0.951263,0.899352,0.061071,0.056885,0.053023,0.049368,0.058398,0.049351,0.049727,0.064999,0.000000
363048.219240,0.191764,0.173364,0.141475,0.121882,0.123527,0.128979,0.121472,0.121325,0.884752,0.930570,0.894433,0.864430,0.507324,0.781791,0.820767,0.691537,1.754746,1.489945,1.345890,1.528562,1.859824,1.319263,1.326310,1.690214,0.814477,0.801705,1.003809,1.236965,1.599808,1.042822,0.931640,0.868120,0.061041,0.056009,0.051477,0.048282,0.057393,0.047153,0.048435,0.064338,0.000000
363048.229240,0.179534,0.164555,0.134536,0.118837,0.121385,0.121250,0.118533,0.128455,0.902174,0.939497,0.899907,0.893840,0.489867,0.725100,0.783706,0.679282,1.718016,1.508659,1.380005,1.545202,1.925851,1.345140,1.288620,1.691107,0.850979,0.807355,1.033060,1.283963,1.634443,1.051726,0.919030,0.841999,0.057400,0.055636,0.052438,0.048769,0.055229,0.046544,0.045396,0.062072,0.000000
363048.239240,0.168215,0.156767,0.130663,0.116020,0.127188,0.116575,0.115852,0.135144,0.918305,0.946642,0.903027,0.921046,0.484568,0.675327,0.749444,0.668014,1.684034,1.525670,1.411656,1.560594,1.993615,1.371049,1.253792,1.691997,0.884756,0.813849,1.061450,1.327439,1.657418,1.060472,0.907388,0.852812,0.057266,0.053257,0.052902,0.049218,0.055976,0.045659,0.042584,0.059884,0.000000
363048.249240,0.160815,0.149565,0.126892,0.111606,0.132597,0.112260,0.119461,0.136205,0.928783,0.953250,0.902661,0.949058,0.479666,0.629299,0.723369,0.651726,1.648795,1.541405,1.438901,1.575303,2.056329,1.395016,1.251924,1.698404,0.914681,0.819857,1.089898,1.372927,1.678661,1.068551,0.894378,0.866243,0.058373,0.051055,0.050883,0.050339,0.056652,0.045487,0.042097,0.057892,0.000000
363048.259240,0.157801,0.143065,0.129083,0.108711,0.127789,0.113076,0.124003,0.140862,0.934609,0.959236,0.894881,0.970822,0.483722,0.590069,0.703545,0.639838,1.609940,1.555585,1.457911,1.583624,2.112649,1.412544,1.272122,1.707414,0.949357,0.825065,1.113459,1.423142,1.689897,1.073913,0.875327,0.870232,0.057148,0.050042,0.052177,0.047176,0.056346,0.045584,0.043400,0.056588,0.000000
363048.409248,0.161577,0.140319,0.131145,0.119961,0.124925,0.115068,0.141901,0.147889,0.925959,0.961396,0.887653,0.973582,0.481945,0.561071,0.699278,0.631840,1.560614,1.563223,1.475465,1.575246,2.157371,1.421849,1.277279,1.712701,0.992523,0.828256,1.135223,1.478607,1.700828,1.083826,0.852617,0.876470,0.054770,0.052345,0.053343,0.049020,0.057534,0.047488,0.043746,0.052780,0.000000
363048.419248,0.165124,0.147056,0.124590,0.130440,0.135810,0.135212,0.158513,0.154399,0.917920,0.948029,0.886834,0.976077,0.464891,0.553063,0.695363,0.624446,1.514951,1.555812,1.493317,1.567477,2.184242,1.413381,1.282044,1.717593,1.032424,0.825425,1.153929,1.529857,1.709606,1.107059,0.868712,0.882236,0.053900,0.055010,0.054462,0.050670,0.058961,0.047991,0.044036,0.049259,0.000000
363048.429248,0.155531,0.153351,0.118567,0.129956,0.145955,0.153926,0.162127,0.154431,0.911460,0.935618,0.886065,0.982286,0.449039,0.545688,0.703403,0.627443,1.469379,1.548915,1.509790,1.546260,2.209028,1.405566,1.266520,1.708673,1.080197,0.822745,1.171180,1.585974,1.717653,1.128487,0.895550,0.896652,0.054285,0.057423,0.055541,0.050064,0.060225,0.048376,0.046525,0.048712,0.000000
363048.439248,0.146725,0.146679,0.111276,0.129575,0.142879,0.156375,0.165528,0.154502,0.905448,0.926969,0.886795,0.987997,0.446117,0.554951,0.710945,0.630285,1.435876,1.538166,1.526883,1.526545,2.230308,1.375931,1.252063,1.700387,1.124359,0.822307,1.188157,1.637823,1.727745,1.159802,0.920318,0.909966,0.054700,0.057893,0.056526,0.049588,0.061484,0.050159,0.048842,0.048248,0.000000
363048.449248,0.138387,0.140569,0.106512,0.126881,0.140041,0.158687,0.173058,0.163656,0.904634,0.918937,0.885160,0.995617,0.443445,0.563629,0.725734,0.643210,1.458361,1.528153,1.542358,1.507661,2.249944,1.348444,1.232299,1.695188,1.167197,0.864689,1.206532,1.684795,1.737036,1.188702,0.934502,0.912401,0.054366,0.058397,0.058024,0.049548,0.062712,0.051877,0.047783,0.046985,0.000000
363048.459248,0.130000,0.131234,0.103373,0.124905,0.149556,0.162675,0.167024,0.162349,0.902290,0.915717,0.884773,1.002882,0.443061,0.576446,0.749735,0.671794,1.481271,1.521834,1.557643,1.490328,2.253111,1.320210,1.204857,1.696527,1.209284,0.906503,1.221853,1.727324,1.731462,1.209682,0.936784,0.897287,0.054619,0.059478,0.057800,0.051079,0.059367,0.051173,0.046614,0.048911,0.000000
363048.469248,0.126289,0.124017,0.107131,0.122211,0.145965,0.157752,0.160562,0.154966,0.898952,0.911577,0.877418,1.005323,0.460615,0.596101,0.777343,0.700840,1.503626,1.516900,1.582965,1.477774,2.246061,1.292743,1.181176,1.705917,1.249022,0.946656,1.226631,1.767099,1.710539,1.224470,0.944105,0.883465,0.055199,0.060031,0.060446,0.052992,0.060000,0.047895,0.046849,0.051408,0.000000
363048.479248,0.120773,0.119618,0.103703,0.119774,0.140568,0.151091,0.155757,0.150619,0.893500,0.909618,0.859427,1.004414,0.476894,0.621523,0.809364,0.732535,1.526243,1.513323,1.612656,1.469465,2.241622,1.273990,1.164387,1.726797,1.282969,0.981971,1.222619,1.800733,1.686880,1.245376,0.960678,0.882427,0.056498,0.059817,0.063293,0.056081,0.057386,0.047363,0.045605,0.048727,0.000000
363048.583570,0.116412,0.117713,0.100570,0.120039,0.141883,0.146992,0.151172,0.145492,0.887230,0.903561,0.842735,1.006976,0.485281,0.652954,0.838559,0.759986,1.549229,1.518559,1.640172,1.458359,2.243394,1.264576,1.152389,1.746689,1.311810,1.007625,1.218864,1.831541,1.667022,1.272214,0.976997,0.883832,0.055588,0.061830,0.065943,0.057361,0.060766,0.046345,0.044554,0.047414,0.000000
363048.593570,0.112380,0.110413,0.094420,0.120293,0.142435,0.144101,0.146934,0.140748,0.881424,0.892274,0.826300,1.009355,0.503431,0.683451,0.865565,0.785378,1.570494,1.526823,1.667840,1.448078,2.246356,1.263251,1.141305,1.765092,1.338487,1.026200,1.206813,1.860035,1.654908,1.296394,0.992087,0.885130,0.054748,0.062966,0.062868,0.058539,0.060555,0.048709,0.043585,0.046197,0.000000
363048.603570,0.110156,0.103657,0.088754,0.117057,0.143029,0.141434,0.148539,0.146915,0.877966,0.881811,0.811097,1.010182,0.520204,0.711663,0.894063,0.822627,1.590935,1.534492,1.693442,1.434721,2.249177,1.262043,1.138860,1.772255,1.358727,1.043380,1.195644,1.889718,1.643627,1.318752,0.999218,0.879681,0.055621,0.064021,0.060010,0.063135,0.060346,0.050894,0.042634,0.044344,0.000000
363048.613570,0.108111,0.099786,0.083512,0.114086,0.144319,0.138666,0.150055,0.152684,0.874762,0.872077,0.797033,1.010959,0.555484,0.735713,0.920455,0.857145,1.609857,1.541578,1.717123,1.422336,2.243382,1.268212,1.136595,1.778817,1.377451,1.054904,1.185313,1.917163,1.638471,1.334231,1.005822,0.874677,0.056422,0.063895,0.057365,0.067401,0.058667,0.051342,0.043689,0.045420,0.000000
363048.623570,0.106220,0.096219,0.081763,0.111338,0.145597,0.136112,0.151458,0.158020,0.871799,0.863068,0.790367,1.011679,0.588201,0.757966,0.944867,0.889075,1.627361,1.548140,1.734177,1.410879,2.238044,1.273915,1.134499,1.784888,1.394769,1.065562,1.169900,1.942550,1.633663,1.348551,1.011932,0.870048,0.057163,0.063770,0.059211,0.071348,0.057132,0.051751,0.044666,0.046416,0.000000
363048.633570,0.102081,0.092920,0.080841,0.105129,0.146779,0.133750,0.148980,0.156457,0.877421,0.854734,0.783530,1.007639,0.618464,0.778550,0.963738,0.918813,1.636916,1.554211,1.743986,1.402184,2.233106,1.279191,1.134869,1.785562,1.403346,1.075420,1.153690,1.966277,1.629216,1.361797,1.013931,0.866081,0.057130,0.063655,0.060489,0.070624,0.055713,0.052129,0.042673,0.044320,0.000000
363048.643570,0.100742,0.092622,0.084895,0.103792,0.145606,0.132802,0.148234,0.155697,0.881583,0.854606,0.779621,0.999113,0.653546,0.794113,0.985751,0.953369,1.640410,1.552507,1.748504,1.391677,2.221742,1.282865,1.127980,1.781389,1.407212,1.078408,1.133386,1.981842,1.624941,1.372180,1.015134,0.867019,0.057970,0.063908,0.058459,0.073419,0.059878,0.049806,0.047939,0.042759,0.000000
363048.653570,0.102130,0.087800,0.088658,0.101053,0.146569,0.133120,0.148923,0.148078,0.889162,0.853688,0.776017,0.987738,0.693797,0.813512,1.017334,0.989768,1.644730,1.546546,1.752684,1.388624,2.206909,1.278476,1.107998,1.772655,1.415138,1.077032,1.114605,1.991730,1.615054,1.380790,1.013330,0.867433,0.055363,0.064158,0.056589,0.071105,0.060827,0.054086,0.047995,0.045919,0.000000
363048.768505,0.103424,0.091208,0.092139,0.098541,0.141475,0.136520,0.149588,0.141006,0.896181,0.856795,0.772684,0.977191,0.730793,0.845478,1.046547,1.023446,1.648728,1.538264,1.756551,1.385788,2.184474,1.259981,1.089528,1.764570,1.422471,1.080784,1.097232,2.000879,1.592176,1.382267,1.011655,0.867809,0.052955,0.060935,0.054860,0.068944,0.059628,0.053748,0.048043,0.048830,0.000000
363048.778505,0.104621,0.094375,0.095359,0.096218,0.136832,0.139710,0.150203,0.134464,0.902673,0.859682,0.769601,0.967434,0.765052,0.875046,1.073569,1.054597,1.652427,1.530605,1.760128,1.383165,2.163733,1.242909,1.072443,1.757092,1.429253,1.084258,1.081162,2.009341,1.570947,1.383624,1.010106,0.868157,0.050728,0.057960,0.053260,0.066945,0.058523,0.053636,0.048087,0.051522,0.000000
363048.788505,0.105728,0.097304,0.098337,0.094069,0.136671,0.142660,0.150772,0.128413,0.908679,0.862352,0.766750,0.958410,0.796742,0.902397,1.098564,1.083413,1.655848,1.523521,1.763437,1.380739,2.144549,1.227117,1.056640,1.750175,1.435526,1.087472,1.066297,2.017169,1.551310,1.384880,1.008673,0.868478,0.048667,0.055209,0.051780,0.065096,0.057500,0.053533,0.051191,0.054012,0.000000
363048.798505,0.106753,0.100013,0.095374,0.092081,0.139612,0.145390,0.151298,0.122816,0.914234,0.864822,0.761731,0.950062,0.826056,0.927696,1.121685,1.110067,1.659013,1.516969,1.757815,1.378494,2.126803,1.212509,1.042021,1.743776,1.441330,1.090444,1.044047,2.024410,1.533146,1.386041,1.007348,0.868775,0.046761,0.052665,0.053084,0.063385,0.056554,0.053436,0.054285,0.056315,0.000000
363048.808505,0.114600,0.102519,0.092186,0.093401,0.142333,0.147915,0.153767,0.120386,0.926697,0.867107,0.756852,0.952671,0.853171,0.951098,1.158732,1.141845,1.665430,1.510907,1.748229,1.386872,2.110388,1.198997,1.007403,1.741166,1.444392,1.093194,1.021591,2.021952,1.516345,1.387115,0.991778,0.860161,0.045343,0.050311,0.057282,0.063229,0.055679,0.055640,0.055014,0.056350,0.000000
363048.818505,0.119982,0.104223,0.095333,0.104774,0.145259,0.154540,0.158697,0.119814,0.957503,0.872945,0.746403,0.970732,0.876694,0.993197,1.184503,1.168483,1.667338,1.502026,1.726886,1.400148,2.091261,1.161316,0.964075,1.743381,1.431297,1.099156,1.003884,2.001993,1.487504,1.368584,0.959060,0.843119,0.049584,0.050999,0.055252,0.068623,0.055729,0.057222,0.057397,0.055073,0.000000
363048.828505,0.120357,0.106487,0.099862,0.104934,0.146368,0.163045,0.157752,0.117511,0.983514,0.889035,0.721222,0.980957,0.893617,1.023628,1.200431,1.190402,1.649711,1.489854,1.696431,1.404185,2.071135,1.099790,0.924363,1.748050,1.401035,1.097402,0.991577,1.965608,1.448241,1.327478,0.919535,0.825234,0.050403,0.055510,0.053801,0.067941,0.059392,0.060331,0.054214,0.053896,0.000000
363048.838505,0.119642,0.105964,0.093900,0.106358,0.141832,0.159255,0.153423,0.114001,0.997831,0.900658,0.701242,0.974395,0.892626,1.037934,1.209541,1.209238,1.624630,1.465875,1.671033,1.393012,2.041550,1.034439,0.884743,1.754728,1.363320,1.084397,0.981917,1.919049,1.403961,1.275869,0.887125,0.811040,0.048197,0.053127,0.055699,0.068452,0.057789,0.056224,0.053648,0.054059,0.000000
363048.957032,0.116682,0.106271,0.094108,0.108179,0.141866,0.152784,0.149793,0.113774,1.010329,0.901273,0.687752,0.973242,0.887567,1.045623,1.210076,1.221905,1.602693,1.433836,1.653617,1.377972,2.001937,0.970798,0.868787,1.765868,1.326060,1.064165,0.970275,1.867074,1.357810,1.229764,0.864211,0.803252,0.048208,0.051229,0.056994,0.068931,0.054566,0.056200,0.052019,0.051415,0.000000
363048.967032,0.128341,0.101079,0.090197,0.109898,0.133590,0.147434,0.147875,0.114067,1.035730,0.901583,0.673839,0.985770,0.894992,1.046945,1.207438,1.233149,1.591839,1.402897,1.640833,1.381128,1.959725,0.912786,0.904638,1.778252,1.284661,1.040785,0.956398,1.807742,1.307938,1.191643,0.843708,0.797136,0.049528,0.051908,0.058967,0.074573,0.057016,0.054096,0.051914,0.048121,0.000000
363048.977032,0.127557,0.109607,0.086572,0.121627,0.130367,0.148620,0.155665,0.119599,1.061006,0.915527,0.660975,0.988444,0.905960,1.041255,1.196055,1.238491,1.577824,1.387520,1.629028,1.402534,1.925849,0.849542,0.947976,1.792000,1.231078,1.013723,0.943570,1.737998,1.254144,1.151318,0.818894,0.786455,0.054641,0.053277,0.060782,0.078725,0.055634,0.054375,0.050333,0.046080,0.000000
363048.987032,0.126907,0.107567,0.087044,0.132569,0.134090,0.160149,0.162922,0.124743,1.084460,0.929903,0.649077,0.990971,0.921300,1.017972,1.185474,1.243407,1.564923,1.387279,1.618108,1.422413,1.896090,0.800832,0.991443,1.804691,1.181430,0.979086,0.931704,1.673430,1.205021,1.101258,0.822030,0.776574,0.059320,0.057853,0.062462,0.082515,0.055260,0.054020,0.048837,0.045193,0.000000
363048.997032,0.126307,0.105721,0.087584,0.142692,0.137559,0.170900,0.169636,0.129501,1.106155,0.943252,0.638070,0.993309,0.935510,0.996348,1.175686,1.247953,1.552990,1.387125,1.608007,1.440801,1.868536,0.755792,1.031649,1.816430,1.135505,0.946978,0.920729,1.613704,1.159596,1.054896,0.824931,0.767435,0.063648,0.062059,0.064015,0.086020,0.054922,0.053732,0.047704,0.046212,0.000000
363049.007032,0.131337,0.108320,0.083923,0.152055,0.140767,0.180845,0.175846,0.133902,1.126223,0.955599,0.622427,0.995472,0.948654,0.976346,1.166632,1.252159,1.541952,1.386982,1.598044,1.457810,1.843049,0.779832,1.068841,1.827288,1.093024,0.917278,0.907967,1.558457,1.117578,1.012012,0.827615,0.758981,0.067651,0.065950,0.063671,0.089262,0.054609,0.055370,0.048229,0.047155,0.000000
363049.017032,0.126397,0.113550,0.084928,0.148796,0.143736,0.190044,0.172582,0.130678,1.131706,0.967020,0.610046,0.975343,0.960812,0.957844,1.163890,1.260319,1.518522,1.386851,1.583669,1.479806,1.819473,0.809237,1.099258,1.842326,1.036912,0.889806,0.892050,1.489761,1.078712,0.972344,0.836514,0.745970,0.066007,0.069549,0.062635,0.086346,0.054320,0.056885,0.048112,0.047278,0.000000
363049.027032,0.125614,0.110621,0.085808,0.139487,0.140019,0.187005,0.168847,0.129208,1.132065,0.968863,0.604335,0.955481,0.968761,0.946231,1.160954,1.269635,1.492343,1.392367,1.571994,1.496700,1.804386,0.830322,1.128235,1.858660,0.978273,0.852534,0.874017,1.417002,1.114136,0.957498,0.845127,0.731788,0.065816,0.065989,0.062264,0.089057,0.053058,0.055775,0.049412,0.049102,0.000000
363049.132125,0.126276,0.106091,0.082380,0.130060,0.136720,0.182119,0.164102,0.126836,1.126643,0.966706,0.595087,0.934928,0.975472,0.934115,1.157656,1.275153,1.464194,1.399155,1.569171,1.514768,1.791230,0.851993,1.157244,1.873317,0.928826,0.811681,0.855506,1.353154,1.150528,0.969164,0.849859,0.717994,0.065835,0.065189,0.063070,0.092216,0.050150,0.056466,0.048784,0.047322,0.000000
363049.142125,0.138847,0.101309,0.083663,0.129591,0.134481,0.177690,0.159712,0.126035,1.123380,0.964441,0.585216,0.910104,0.978388,0.920283,1.156789,1.282631,1.447791,1.407128,1.568055,1.536462,1.782744,0.874890,1.186253,1.881129,0.881978,0.776054,0.837797,1.296230,1.180230,0.977188,0.848339,0.712658,0.068639,0.065598,0.062169,0.094569,0.050410,0.056533,0.051524,0.050073,0.000000
363049.152125,0.131602,0.105679,0.084776,0.128574,0.132752,0.168038,0.155194,0.122946,1.100346,0.962471,0.576588,0.878165,0.979395,0.905505,1.158005,1.291973,1.427999,1.421265,1.566323,1.565667,1.779302,0.904457,1.209396,1.883069,0.841561,0.746994,0.822185,1.242793,1.203352,0.981056,0.841375,0.715673,0.069095,0.067026,0.063213,0.095527,0.049858,0.057823,0.050008,0.048563,0.000000
363049.162125,0.129348,0.102311,0.085805,0.121525,0.133970,0.159705,0.149012,0.122473,1.071183,0.951317,0.568608,0.851121,0.984917,0.894431,1.164231,1.310060,1.401679,1.443715,1.564720,1.597874,1.771975,0.929770,1.222356,1.873445,0.805744,0.723359,0.807745,1.191501,1.223946,0.981418,0.831527,0.720738,0.068498,0.065697,0.064180,0.099178,0.049596,0.057340,0.050720,0.048370,0.000000
363049.172125,0.127228,0.101213,0.086940,0.124725,0.139126,0.152616,0.143329,0.122088,1.044177,0.939359,0.570526,0.826100,0.993666,0.883281,1.170028,1.326840,1.377313,1.466523,1.553520,1.627692,1.760243,0.953083,1.234340,1.864547,0.772602,0.712670,0.803127,1.144028,1.239493,0.980390,0.822454,0.725375,0.067911,0.065865,0.064018,0.102529,0.051340,0.058619,0.051362,0.048177,0.000000
363049.182125,0.123292,0.100256,0.089373,0.122343,0.143910,0.146061,0.142760,0.130195,1.015976,0.928295,0.574581,0.810199,1.001771,0.872965,1.166568,1.334140,1.352323,1.487622,1.536638,1.653615,1.749405,0.974649,1.233868,1.835530,0.739099,0.725976,0.805229,1.099156,1.253871,0.979437,0.814253,0.738768,0.069139,0.066019,0.063088,0.104679,0.052940,0.059804,0.053555,0.050364,0.000000
363049.192125,0.124928,0.102623,0.094759,0.119359,0.146250,0.142426,0.144623,0.133513,0.991449,0.921195,0.582151,0.799049,1.009600,0.860937,1.160764,1.331053,1.371021,1.504877,1.514741,1.676842,1.720669,0.993836,1.228030,1.796106,0.748978,0.735929,0.809395,1.051137,1.251611,0.976861,0.822617,0.754855,0.067047,0.066005,0.063312,0.104504,0.052044,0.059699,0.051853,0.051955,0.000000
363049.202125,0.126532,0.105344,0.099757,0.120963,0.138741,0.140302,0.149333,0.139136,0.971313,0.917275,0.589169,0.788489,1.003279,0.849305,1.147939,1.320756,1.423000,1.518779,1.494491,1.697109,1.678311,1.009562,1.213315,1.753251,0.766641,0.744962,0.813231,1.004623,1.234246,0.976836,0.833815,0.765167,0.064395,0.064737,0.063510,0.104434,0.052814,0.058605,0.048638,0.049418,0.000000
363049.356718,0.128017,0.108164,0.109146,0.122447,0.133869,0.139123,0.153730,0.144373,0.952695,0.917099,0.596603,0.778723,0.993057,0.838286,1.136083,1.311249,1.471090,1.529678,1.480159,1.715858,1.633042,1.022273,1.199658,1.713648,0.782980,0.755741,0.817424,0.961599,1.211930,0.976490,0.844133,0.774675,0.061936,0.064018,0.065118,0.104369,0.052949,0.055594,0.045708,0.047080,0.000000
363049.366718,0.137250,0.110782,0.117851,0.131258,0.129367,0.138034,0.158339,0.142947,0.939033,0.916944,0.603469,0.777222,0.983606,0.828092,1.122599,1.296030,1.525544,1.539772,1.466917,1.741305,1.591172,1.034027,1.180613,1.678378,0.790388,0.765714,0.821322,0.928637,1.191294,0.976169,0.845719,0.776746,0.062895,0.063343,0.066594,0.106293,0.053072,0.052810,0.048128,0.047674,0.000000
363049.376718,0.145837,0.121216,0.125902,0.139451,0.131663,0.146555,0.162606,0.141605,0.926368,0.918470,0.609819,0.775829,0.983054,0.820486,1.110129,1.281930,1.575906,1.557013,1.454668,1.764831,1.560556,1.036199,1.162998,1.645767,0.797226,0.770274,0.824928,0.898112,1.172134,0.965753,0.847189,0.778637,0.063775,0.064952,0.067959,0.108074,0.056380,0.054471,0.050367,0.051586,0.000000
363049.386718,0.153780,0.130902,0.128722,0.147031,0.137444,0.154482,0.166553,0.140363,0.914653,0.919857,0.638345,0.774539,0.982560,0.813496,1.098596,1.268887,1.622490,1.572967,1.447550,1.786592,1.532250,1.038232,1.146704,1.615602,0.803551,0.774473,0.825782,0.869876,1.154378,0.956122,0.848550,0.780387,0.064590,0.066426,0.068739,0.109722,0.059419,0.056007,0.053670,0.055205,0.000000
363049.396718,0.146607,0.139862,0.125214,0.139959,0.148291,0.161814,0.167176,0.140282,0.923503,0.921141,0.669436,0.788577,0.982104,0.807030,1.073757,1.248334,1.682459,1.587724,1.435086,1.823535,1.519310,1.040113,1.111689,1.603923,0.797067,0.778357,0.830434,0.854770,1.137953,0.947213,0.843128,0.776781,0.064683,0.067790,0.065842,0.111449,0.062229,0.057428,0.053307,0.056243,0.000000
363049.406718,0.145938,0.142539,0.126710,0.143334,0.155228,0.160684,0.163518,0.141123,0.934827,0.947850,0.702022,0.799074,0.993752,0.783696,1.030935,1.209922,1.743858,1.618877,1.424583,1.866364,1.515533,1.019565,1.115450,1.610242,0.779341,0.769795,0.845301,0.848552,1.132769,0.920128,0.838998,0.774598,0.061619,0.068648,0.067832,0.106424,0.064212,0.058944,0.053128,0.055242,0.000000
363049.416718,0.144082,0.140531,0.127670,0.145094,0.154465,0.154816,0.165402,0.150000,0.941670,0.979659,0.728265,0.803089,0.989602,0.746457,0.986736,1.170972,1.800735,1.652051,1.409906,1.907469,1.529426,0.997813,1.149741,1.616821,0.754347,0.749945,0.860245,0.843975,1.139482,0.879560,0.840412,0.777686,0.060744,0.066529,0.065005,0.107447,0.064042,0.058883,0.052562,0.055605,0.000000
363049.426718,0.147329,0.140683,0.128560,0.144615,0.159499,0.155645,0.167087,0.155922,0.943408,1.010595,0.752534,0.802394,0.983546,0.705101,0.946500,1.129662,1.840304,1.686193,1.396323,1.939960,1.547930,1.037164,1.181160,1.621083,0.726251,0.719967,0.874070,0.842016,1.155386,0.841199,0.840046,0.781273,0.059407,0.067780,0.062392,0.105458,0.066428,0.058696,0.051351,0.054053,0.000000
363049.560455,0.150367,0.141613,0.129384,0.144170,0.161899,0.156147,0.168645,0.161399,0.944982,1.033131,0.774983,0.801745,0.974549,0.668697,0.909281,1.091431,1.876859,1.709800,1.383759,1.970004,1.568477,1.086467,1.210223,1.625007,0.700217,0.690527,0.886859,0.840206,1.171729,0.802560,0.839707,0.784583,0.058162,0.063491,0.059975,0.103630,0.065479,0.055591,0.050549,0.052641,0.000000
363049.570455,0.153177,0.142483,0.130146,0.143760,0.164118,0.156612,0.170086,0.166466,0.946439,1.053961,0.795749,0.801145,0.966228,0.635026,0.874853,1.056067,1.910672,1.731617,1.372136,1.997795,1.587482,1.132071,1.237105,1.628636,0.676137,0.699550,0.898689,0.838531,1.186847,0.788375,0.839393,0.787646,0.057011,0.059533,0.057739,0.101939,0.064604,0.052719,0.049807,0.051335,0.000000
363049.580455,0.155776,0.143288,0.139417,0.143380,0.166171,0.157042,0.171420,0.171152,0.947786,1.073228,0.829804,0.800590,0.958531,0.603879,0.843008,1.023355,1.941949,1.751798,1.372432,2.023501,1.605062,1.174255,1.261971,1.631993,0.676475,0.725769,0.904550,0.836981,1.200831,0.802522,0.839103,0.790478,0.055947,0.055872,0.057655,0.100374,0.063795,0.050062,0.049121,0.050127,0.000000
363049.590455,0.165853,0.144032,0.139710,0.152421,0.168070,0.157440,0.189578,0.192650,0.969358,1.091050,0.863926,0.812295,0.951412,0.575069,0.813394,0.995557,1.968793,1.770465,1.381061,2.040632,1.621323,1.213275,1.270147,1.616700,0.712493,0.750021,0.945775,0.845179,1.213766,0.815608,0.818885,0.772490,0.057174,0.052486,0.054370,0.100147,0.063046,0.047604,0.047078,0.047033,0.000000
363049.600455,0.168090,0.154383,0.136075,0.152738,0.183773,0.171873,0.186470,0.188081,0.994503,1.125054,0.902431,0.826699,0.961336,0.549100,0.771488,0.950529,1.999775,1.791380,1.393957,2.061376,1.620657,1.245210,1.259981,1.577655,0.757480,0.787223,0.983256,0.863010,1.209640,0.812637,0.780363,0.730562,0.057473,0.054245,0.053329,0.100445,0.064061,0.045708,0.049773,0.050195,0.000000
363049.610455,0.165406,0.156086,0.135417,0.149194,0.186582,0.170715,0.182720,0.181657,1.033958,1.161104,0.937882,0.848896,0.968789,0.551858,0.736303,0.906787,2.027565,1.819188,1.416815,2.080712,1.621958,1.285299,1.251385,1.536230,0.796481,0.832012,1.012704,0.878159,1.193899,0.797184,0.747363,0.685832,0.055228,0.052899,0.051944,0.094803,0.060320,0.049054,0.052081,0.053955,0.000000
363049.620455,0.166366,0.153223,0.137126,0.152092,0.186596,0.170672,0.183238,0.183521,1.070504,1.206249,0.963247,0.865226,0.987254,0.554520,0.707081,0.862000,2.067515,1.847125,1.445414,2.110823,1.612782,1.320309,1.250513,1.500466,0.822705,0.871910,1.031620,0.883790,1.177480,0.790485,0.733105,0.659713,0.054499,0.051543,0.052203,0.090835,0.059906,0.048817,0.052709,0.054846,0.000000
363049.630455,0.166923,0.152420,0.133316,0.153392,0.179119,0.168692,0.181242,0.182476,1.101306,1.250019,0.980361,0.874781,1.001107,0.535637,0.674256,0.813960,2.110343,1.885481,1.475990,2.144833,1.608266,1.365679,1.251179,1.467618,0.837588,0.900308,1.038803,0.881640,1.166490,0.798917,0.728574,0.642849,0.054674,0.050877,0.052231,0.091944,0.059887,0.046967,0.049931,0.052516,0.000000
363049.776678,0.170316,0.152331,0.130203,0.161155,0.173917,0.164767,0.181020,0.182968,1.126918,1.285519,0.996621,0.880830,1.015117,0.516439,0.644763,0.769839,2.155207,1.929058,1.503501,2.178956,1.631124,1.413078,1.288405,1.440049,0.848048,0.916921,1.038139,0.879136,1.174220,0.811405,0.727306,0.628687,0.052458,0.051957,0.053670,0.087835,0.058437,0.046995,0.050382,0.053247,0.000000
363049.786678,0.172167,0.153110,0.128156,0.157123,0.169226,0.166263,0.178570,0.186142,1.149791,1.314099,1.018600,0.876143,1.024513,0.507512,0.614236,0.730039,2.197242,1.975512,1.520518,2.219746,1.661268,1.457600,1.335869,1.411875,0.856414,0.926395,1.029081,0.879150,1.176197,0.824529,0.730420,0.618767,0.050579,0.050201,0.051905,0.086096,0.058218,0.045800,0.050592,0.053752,0.000000
363049.796678,0.171165,0.152037,0.124781,0.153493,0.171964,0.160138,0.177230,0.189088,1.178947,1.338798,1.041632,0.877023,1.040672,0.505713,0.590224,0.699511,2.220164,2.020318,1.528926,2.251494,1.684441,1.505334,1.376083,1.379840,0.852029,0.932078,1.017048,0.872516,1.176093,0.841776,0.741084,0.618093,0.051275,0.048802,0.053605,0.086435,0.059307,0.045064,0.053475,0.051938,0.000000
363049.806678,0.161335,0.150049,0.121107,0.152130,0.172933,0.159187,0.182743,0.200720,1.201217,1.368889,1.061929,0.883606,1.064850,0.503313,0.582555,0.695075,2.234085,2.050909,1.536427,2.273959,1.692405,1.549000,1.408727,1.353116,0.832219,0.926014,1.005299,0.865495,1.172423,0.865797,0.766687,0.637740,0.053495,0.048562,0.053106,0.082099,0.060857,0.048844,0.053561,0.050538,0.000000
363049.816678,0.157103,0.144713,0.117706,0.143798,0.181027,0.162519,0.172041,0.188916,1.221405,1.397158,1.080705,0.893134,1.102440,0.514503,0.588752,0.704172,2.239001,2.071007,1.543364,2.288147,1.682332,1.582498,1.426590,1.332555,0.853461,0.910993,0.994433,0.866043,1.154723,0.902697,0.805759,0.676091,0.049629,0.050297,0.052646,0.079153,0.063538,0.048443,0.050447,0.053098,0.000000
363049.826678,0.153225,0.136483,0.114561,0.136084,0.172351,0.155291,0.162154,0.178000,1.240112,1.424339,1.098073,0.901975,1.136299,0.533185,0.594555,0.712683,2.243527,2.082154,1.549780,2.301263,1.651647,1.604739,1.443123,1.313632,0.895145,0.900396,0.984382,0.866569,1.150585,0.946856,0.841912,0.711583,0.047582,0.049450,0.052221,0.076396,0.063817,0.046087,0.052263,0.055376,0.000000
363049.836678,0.149637,0.128903,0.111651,0.128948,0.164400,0.148572,0.153008,0.167904,1.257417,1.449509,1.114138,0.910153,1.167687,0.550506,0.599924,0.720557,2.247713,2.092446,1.555715,2.313396,1.623221,1.625306,1.458416,1.296129,0.933702,0.890616,0.975085,0.867055,1.164798,0.987723,0.875353,0.744413,0.046555,0.048661,0.051827,0.073845,0.064031,0.046116,0.053942,0.057483,0.000000
363049.846678,0.146318,0.121891,0.116989,0.122347,0.157044,0.142357,0.144548,0.158564,1.273424,1.472792,1.146929,0.917718,1.196722,0.566529,0.604889,0.727839,2.251586,2.101966,1.563204,2.324618,1.596927,1.644330,1.472563,1.279938,0.969368,0.895780,0.957031,0.890194,1.177945,1.025525,0.906286,0.774781,0.045606,0.047932,0.051807,0.071486,0.064228,0.047429,0.055496,0.059431,0.000000
363050.027135,0.148220,0.115406,0.120917,0.131128,0.150241,0.136608,0.143859,0.156631,1.293780,1.494329,1.183927,0.942016,1.223578,0.581350,0.618065,0.744014,2.253860,2.110772,1.561713,2.341900,1.572605,1.661927,1.489984,1.274690,0.997975,0.932671,0.949648,0.918906,1.190106,1.060492,0.932427,0.801235,0.046921,0.047257,0.051315,0.073268,0.064411,0.048643,0.056696,0.060502,0.000000
363050.037135,0.151184,0.119466,0.131646,0.135319,0.150704,0.139726,0.140014,0.150777,1.318201,1.524522,1.226812,0.973031,1.254959,0.607972,0.638932,0.762888,2.246800,2.117463,1.564201,2.353832,1.548763,1.685568,1.506306,1.275036,1.014845,0.960833,0.928841,0.933685,1.204573,1.088679,0.952173,0.822720,0.047591,0.047368,0.054463,0.075520,0.061398,0.048813,0.058276,0.062754,0.000000
363050.047135,0.149032,0.126492,0.143506,0.130249,0.150008,0.137628,0.137695,0.157071,1.339902,1.559220,1.273278,0.997342,1.288585,0.644318,0.661877,0.792931,2.234807,2.112998,1.573169,2.359119,1.524083,1.705741,1.524397,1.267392,1.021521,0.976048,0.885763,0.938351,1.214252,1.110995,0.964645,0.839175,0.048905,0.045847,0.056138,0.071893,0.060899,0.050691,0.055410,0.062282,0.000000
363050.057135,0.145470,0.128929,0.137388,0.124916,0.161082,0.130846,0.132469,0.153523,1.364634,1.590770,1.301891,1.021256,1.332459,0.678877,0.689261,0.831062,2.222494,2.103630,1.578140,2.366215,1.513033,1.722083,1.546958,1.253950,1.022795,0.977874,0.882424,0.934432,1.208398,1.126078,0.970405,0.854331,0.047242,0.048465,0.058455,0.069872,0.060083,0.048570,0.052968,0.061568,0.000000
363050.067135,0.144036,0.135939,0.139888,0.120607,0.172228,0.124572,0.125167,0.147851,1.377221,1.625314,1.325232,1.037466,1.382539,0.712924,0.712548,0.869016,2.202726,2.096236,1.591100,2.371785,1.522254,1.737708,1.569633,1.235557,1.024992,0.967481,0.891241,0.925640,1.178489,1.132973,0.972572,0.874260,0.045302,0.049602,0.059338,0.070090,0.060932,0.045639,0.051385,0.059100,0.000000
363050.077135,0.141959,0.132893,0.141646,0.117801,0.164076,0.121437,0.121196,0.140635,1.381945,1.642898,1.330556,1.048307,1.411355,0.740256,0.732117,0.904661,2.178872,2.081776,1.608556,2.377321,1.533935,1.750684,1.593731,1.211118,1.033406,0.955275,0.892977,0.918681,1.137685,1.131764,0.977225,0.901655,0.047781,0.050950,0.058407,0.069035,0.063788,0.044007,0.054302,0.060813,0.000000
363050.087135,0.138833,0.133743,0.137416,0.114680,0.160491,0.119575,0.122945,0.138537,1.382229,1.653938,1.329586,1.052029,1.431744,0.761980,0.742726,0.930938,2.153606,2.069384,1.624952,2.381950,1.551481,1.763175,1.618900,1.216867,1.045337,0.954613,0.887984,0.916430,1.106691,1.127387,0.988146,0.932701,0.048535,0.051532,0.058168,0.064896,0.063293,0.046984,0.054504,0.060252,0.000000
363050.097135,0.136356,0.133400,0.132677,0.107974,0.160358,0.123261,0.117259,0.130243,1.382456,1.651984,1.321884,1.053251,1.435100,0.772995,0.742820,0.951832,2.131541,2.057945,1.645926,2.381946,1.574215,1.777561,1.637560,1.248123,1.055146,0.965719,0.883048,0.917521,1.090544,1.127748,1.005674,0.965784,0.050618,0.050557,0.055831,0.063650,0.060865,0.048526,0.053655,0.059888,0.000000
363050.254953,0.126543,0.128608,0.125050,0.102678,0.152595,0.119517,0.113054,0.126982,1.374942,1.646316,1.313542,1.052388,1.431992,0.769271,0.746500,0.976633,2.116361,2.046438,1.665431,2.382604,1.591806,1.784304,1.648023,1.270950,1.058724,0.979535,0.879187,0.920819,1.085810,1.135080,1.026723,0.999459,0.050063,0.050349,0.055327,0.064266,0.060681,0.048145,0.053371,0.059737,0.000000
363050.264953,0.122049,0.122876,0.117982,0.096782,0.144027,0.113928,0.109711,0.123639,1.366026,1.633578,1.305811,1.055334,1.434672,0.768563,0.751830,1.001942,2.099898,2.041902,1.683488,2.378328,1.602161,1.783356,1.655033,1.289662,1.061154,0.989188,0.875627,0.930191,1.087580,1.147016,1.049909,1.033077,0.051044,0.046952,0.054852,0.063830,0.059946,0.047277,0.055047,0.060916,0.000000
363050.274953,0.117910,0.114457,0.112553,0.097753,0.137060,0.109788,0.106617,0.120549,1.357760,1.619482,1.294984,1.058062,1.439723,0.769762,0.756762,1.025363,2.084685,2.038258,1.702593,2.374371,1.609026,1.779236,1.661516,1.306962,1.063383,0.996831,0.867582,0.938862,1.093285,1.162843,1.071358,1.064184,0.051952,0.046621,0.053689,0.063428,0.061618,0.049010,0.056597,0.062006,0.000000
363050.284953,0.113483,0.106836,0.106793,0.099836,0.130617,0.105962,0.109050,0.121755,1.351528,1.606427,1.283631,1.063043,1.444394,0.770868,0.769231,1.053344,2.069735,2.034902,1.721609,2.366351,1.615377,1.775429,1.660816,1.317004,1.069673,1.003885,0.858581,0.954471,1.098562,1.177479,1.097599,1.097875,0.050285,0.046320,0.053363,0.065601,0.063164,0.050685,0.055615,0.060275,0.000000
363050.294953,0.116399,0.106222,0.100769,0.106359,0.122915,0.102209,0.106494,0.116045,1.348416,1.592083,1.271998,1.071926,1.449813,0.778012,0.791802,1.086454,2.053586,2.033568,1.741181,2.350326,1.617183,1.765727,1.648168,1.316366,1.081222,1.012692,0.848034,0.978991,1.109042,1.197547,1.127560,1.132901,0.048817,0.045770,0.051006,0.066923,0.061719,0.051019,0.056832,0.060245,0.000000
363050.304953,0.117238,0.108006,0.104549,0.105773,0.118210,0.100660,0.105177,0.111125,1.340702,1.579119,1.269476,1.076174,1.455072,0.791549,0.817472,1.120137,2.042460,2.030946,1.753845,2.334090,1.614599,1.748042,1.630316,1.310339,1.095997,1.025022,0.828534,1.006142,1.123050,1.222831,1.153981,1.163388,0.048476,0.045029,0.053762,0.069330,0.059667,0.053148,0.055190,0.058096,0.000000
363050.314953,0.128217,0.104596,0.105117,0.113101,0.113989,0.101419,0.114440,0.117612,1.343046,1.562313,1.265335,1.089798,1.458629,0.807652,0.855593,1.161130,2.021450,2.031123,1.751748,2.305408,1.610723,1.727384,1.602391,1.292938,1.100780,1.040545,0.793389,1.019524,1.137228,1.246567,1.165202,1.179368,0.051749,0.044468,0.053909,0.071086,0.057952,0.055058,0.056502,0.054681,0.000000
363050.324953,0.127971,0.112820,0.112104,0.112235,0.123240,0.113745,0.116399,0.119600,1.341409,1.554656,1.262157,1.094067,1.469222,0.836698,0.885796,1.190963,1.987080,2.023458,1.738534,2.260618,1.600539,1.694382,1.556536,1.259267,1.089951,1.046859,0.755212,1.014173,1.139237,1.257615,1.159525,1.177618,0.051799,0.045774,0.055450,0.072131,0.055288,0.056617,0.056980,0.057809,0.000000
363050.489585,0.125501,0.112122,0.113501,0.116548,0.125121,0.112799,0.113866,0.119208,1.336519,1.542027,1.243869,1.091621,1.468982,0.858931,0.907513,1.212507,1.946778,1.999693,1.706475,2.210067,1.572884,1.646639,1.503984,1.218828,1.074407,1.036714,0.746464,0.995248,1.121418,1.257235,1.142680,1.164644,0.055232,0.047418,0.053706,0.079035,0.059598,0.057125,0.062678,0.060783,2.000000
363050.499585,0.127999,0.113299,0.114879,0.122854,0.126305,0.111655,0.119400,0.121368,1.318888,1.526817,1.226960,1.073875,1.460391,0.878980,0.916083,1.216999,1.898399,1.966399,1.676789,2.145154,1.533762,1.594572,1.451532,1.253683,1.064432,1.021203,0.746071,0.963023,1.091584,1.246949,1.111005,1.142595,0.053907,0.051190,0.052047,0.079101,0.065710,0.062196,0.060001,0.058436,3.000000
363050.509585,0.130370,0.119183,0.111717,0.130012,0.135366,0.118590,0.124591,0.123438,1.302591,1.495883,1.208066,1.057492,1.426521,0.886704,0.924050,1.221161,1.853579,1.915985,1.646943,2.085041,1.472197,1.526364,1.541652,1.321404,1.055271,1.012301,0.747689,0.933294,1.062229,1.219819,1.081764,1.122270,0.052639,0.048980,0.051261,0.079164,0.064000,0.061656,0.057491,0.056317,0.000000
363050.519585,0.129460,0.125558,0.108777,0.137533,0.143855,0.125087,0.125813,0.119607,1.281583,1.467279,1.190571,1.021905,1.395172,0.893896,0.914129,1.217554,1.816894,1.869287,1.619319,2.028574,1.415258,1.502196,1.643036,1.395972,1.046470,1.004151,0.749202,0.895232,1.035183,1.194768,1.039164,1.095531,0.052292,0.046933,0.051621,0.079371,0.062427,0.061140,0.059105,0.057257,0.000000
363050.529585,0.128638,0.123824,0.108784,0.144567,0.144291,0.128351,0.127018,0.116108,1.262113,1.433856,1.172500,0.988889,1.359303,0.883156,0.904879,1.214166,1.782938,1.826282,1.594682,1.976265,1.465799,1.596001,1.736841,1.464964,1.038366,0.997079,0.744229,0.860110,1.011039,1.155918,0.999801,1.070841,0.051961,0.047696,0.052349,0.079503,0.063539,0.062089,0.060571,0.058119,0.000000
363050.539585,0.131025,0.122223,0.115643,0.144555,0.144753,0.131434,0.123021,0.113830,1.247385,1.402896,1.158363,0.964266,1.326052,0.873152,0.901111,1.213466,1.751798,1.786463,1.578804,1.935857,1.545716,1.682799,1.824540,1.525370,1.022874,0.990580,0.728860,0.821472,0.988785,1.119989,0.957311,1.044251,0.053952,0.048374,0.049994,0.081098,0.064558,0.062937,0.059119,0.057074,0.000000
363050.549585,0.146049,0.124940,0.123976,0.153923,0.148385,0.134348,0.127103,0.118938,1.240839,1.376703,1.134813,0.946620,1.294637,0.865862,0.903443,1.214734,1.725120,1.751749,1.574908,1.902897,1.615291,1.761694,1.900694,1.575010,0.994782,0.975817,0.699107,0.774879,0.962927,1.086243,0.912629,1.012318,0.053943,0.049549,0.050960,0.081738,0.065855,0.061581,0.059619,0.054755,0.000000
363050.559585,0.160718,0.139768,0.131779,0.163701,0.154364,0.144045,0.132961,0.123178,1.224861,1.358420,1.113078,0.920055,1.263140,0.864396,0.901994,1.206542,1.694971,1.726771,1.571404,1.868994,1.673942,1.828831,1.958398,1.609656,0.952861,0.946726,0.671657,0.727895,0.932020,1.054090,0.865390,0.971249,0.058508,0.051178,0.051761,0.085995,0.062718,0.063006,0.061486,0.054357,0.000000
363050.698221,0.174415,0.149812,0.138997,0.172854,0.159132,0.155284,0.138443,0.127151,1.210162,1.329206,1.092973,0.895552,1.219854,0.861260,0.900695,1.198973,1.667192,1.708510,1.568164,1.837728,1.714859,1.872690,2.011784,1.641713,0.914201,0.900133,0.677618,0.684512,0.907810,1.022516,0.821625,0.933212,0.062636,0.054117,0.052502,0.089848,0.063282,0.066114,0.063180,0.055270,0.000000
363050.708221,0.187086,0.159221,0.133535,0.181321,0.163593,0.165765,0.143514,0.130826,1.196566,1.302250,1.054220,0.872887,1.179798,0.858434,0.899495,1.191972,1.641497,1.691744,1.562376,1.851648,1.752709,1.913266,2.061167,1.671365,0.878441,0.857130,0.699033,0.644383,0.904163,0.993219,0.781141,0.909311,0.066453,0.056749,0.055582,0.093411,0.064427,0.068943,0.064746,0.056115,0.000000
363050.718221,0.175335,0.167925,0.132318,0.170962,0.167718,0.175460,0.140442,0.128833,1.159483,1.277316,1.012153,0.833124,1.142746,0.855820,0.890164,1.178003,1.603319,1.676237,1.560968,1.856918,1.787720,1.950799,2.096898,1.692294,0.852284,0.817353,0.715453,0.629430,0.900791,0.966120,0.817717,0.943917,0.070854,0.059183,0.056584,0.094445,0.067164,0.071560,0.064057,0.054874,0.000000
363050.728221,0.179946,0.157369,0.139953,0.180148,0.162739,0.173271,0.144674,0.129698,1.115276,1.232066,0.955476,0.798293,1.100018,0.844682,0.876745,1.153063,1.574322,1.654416,1.569563,1.848825,1.810027,1.972157,2.128709,1.713385,0.849479,0.781609,0.715423,0.633675,0.907976,0.938587,0.841403,0.961802,0.068940,0.059842,0.055685,0.090520,0.066355,0.071413,0.063112,0.053723,0.000000
363050.738221,0.192338,0.159970,0.137895,0.195116,0.154867,0.174940,0.153489,0.133849,1.043529,1.181755,0.916567,0.770145,1.049420,0.836557,0.837913,1.110872,1.550624,1.642722,1.577431,1.817375,1.830623,1.989632,2.149869,1.729354,0.873461,0.762936,0.699891,0.676109,0.909316,0.896114,0.841666,0.959907,0.067554,0.058183,0.055500,0.090813,0.068518,0.069407,0.064584,0.054860,0.000000
363050.748221,0.187684,0.170854,0.128681,0.189609,0.158519,0.185693,0.152051,0.130898,0.976419,1.108755,0.890505,0.744497,0.996595,0.809488,0.787099,1.074703,1.523927,1.640198,1.579726,1.768059,1.844101,1.995653,2.160284,1.738276,0.913806,0.767116,0.674043,0.710043,0.897657,0.850291,0.820628,0.942442,0.071537,0.058803,0.059148,0.094631,0.068685,0.071113,0.067168,0.056666,0.000000
363050.758221,0.181301,0.165858,0.120852,0.179724,0.155567,0.185511,0.144993,0.129968,0.921491,1.046494,0.869614,0.720345,0.962404,0.764051,0.748731,1.055370,1.500424,1.635404,1.578886,1.712048,1.845398,1.990916,2.159016,1.731250,0.957871,0.788728,0.690024,0.758782,0.869409,0.822057,0.783375,0.908955,0.068036,0.062092,0.059332,0.089488,0.068865,0.074397,0.067733,0.059260,0.000000
363050.768221,0.175679,0.157576,0.120788,0.173734,0.149512,0.179859,0.147101,0.133777,0.870337,0.996797,0.854327,0.692420,0.939235,0.711947,0.718797,1.036846,1.476483,1.628916,1.574796,1.654035,1.830330,1.978168,2.144370,1.708245,1.001384,0.819088,0.723864,0.817215,0.824306,0.809790,0.737060,0.859228,0.065078,0.060703,0.058622,0.088365,0.074640,0.073015,0.069828,0.062838,0.000000
363050.936375,0.168606,0.151558,0.122101,0.176173,0.149298,0.182345,0.158353,0.152139,0.823276,0.951344,0.830102,0.658693,0.910512,0.673599,0.699035,1.026021,1.455502,1.618525,1.556453,1.619998,1.805117,1.954977,2.116814,1.666604,1.041269,0.852622,0.761124,0.875593,0.846579,0.810961,0.765910,0.846784,0.063198,0.059271,0.055515,0.084599,0.074691,0.074405,0.068667,0.063238,0.000000
363050.946375,0.173112,0.150759,0.128524,0.181814,0.161768,0.190264,0.170207,0.161884,0.762995,0.910960,0.806704,0.635570,0.881838,0.646367,0.692278,1.007097,1.420304,1.605344,1.534147,1.564982,1.767893,1.923531,2.064849,1.598003,1.086681,0.885627,0.791151,0.940483,0.897674,0.823464,0.827819,0.911018,0.062770,0.057068,0.059075,0.081858,0.072997,0.071481,0.065889,0.062971,0.000000
363050.956375,0.170340,0.154140,0.143416,0.177944,0.170603,0.201103,0.161868,0.160585,0.717956,0.861374,0.777238,0.624604,0.834651,0.645265,0.681459,0.980632,1.381944,1.573792,1.499837,1.507222,1.707029,1.869197,2.002444,1.522854,1.133875,0.926582,0.799697,1.005662,0.967979,0.854066,0.900529,0.981704,0.065454,0.055067,0.061639,0.082368,0.072460,0.067077,0.069095,0.064332,0.000000
363050.966375,0.177499,0.155594,0.157312,0.181001,0.173624,0.188252,0.162451,0.164195,0.690084,0.811578,0.750081,0.629795,0.786045,0.648784,0.682768,0.960287,1.331380,1.536239,1.468169,1.437992,1.640233,1.801940,1.931289,1.438300,1.167740,0.965688,0.807503,1.054174,1.039063,0.899515,0.963933,1.039852,0.062817,0.057928,0.063936,0.079266,0.078140,0.071905,0.066466,0.061582,0.000000
363050.976375,0.184191,0.168316,0.170166,0.183902,0.182556,0.182838,0.163050,0.167632,0.664319,0.777988,0.724960,0.634620,0.760599,0.661114,0.684028,0.941562,1.284583,1.479380,1.438877,1.373932,1.554044,1.728580,1.865499,1.360153,1.199025,0.986337,0.814724,1.099002,1.092778,0.941665,1.022535,1.093549,0.060308,0.057588,0.066061,0.076343,0.077723,0.067321,0.066270,0.059824,0.000000
363050.986375,0.190381,0.180192,0.167841,0.186586,0.190944,0.177866,0.163603,0.170811,0.640486,0.747021,0.690137,0.639084,0.737172,0.672541,0.685195,0.924243,1.241295,1.426783,1.398299,1.314676,1.474362,1.660741,1.804643,1.287868,1.227962,1.005354,0.806070,1.140467,1.142352,0.980626,1.076742,1.143219,0.057987,0.057201,0.068129,0.073640,0.077245,0.066124,0.066089,0.058197,0.000000
363050.996375,0.188464,0.191178,0.164343,0.181066,0.198705,0.173267,0.171745,0.170314,0.624427,0.718378,0.658870,0.652518,0.715502,0.683112,0.688476,0.893194,1.195498,1.378130,1.358697,1.284175,1.400657,1.597990,1.724307,1.232715,1.248996,1.022945,0.787895,1.167684,1.188208,1.016664,1.117263,1.183694,0.059012,0.056866,0.064266,0.075056,0.076803,0.066096,0.068634,0.060383,0.000000
363051.006375,0.184991,0.186716,0.155361,0.184410,0.192172,0.179647,0.172841,0.168044,0.615727,0.693530,0.626611,0.681855,0.699862,0.700908,0.686407,0.860699,1.148547,1.317729,1.318116,1.314262,1.311382,1.520325,1.639008,1.313026,1.268724,1.027371,0.765597,1.189946,1.222465,1.041045,1.146458,1.215745,0.057278,0.058098,0.063190,0.070403,0.077554,0.069444,0.063876,0.057023,0.000000
363051.167026,0.182730,0.181706,0.155868,0.176547,0.179635,0.183846,0.181616,0.164892,0.608384,0.675421,0.587171,0.717869,0.682287,0.718249,0.692943,0.823769,1.106123,1.256553,1.271005,1.334331,1.220860,1.439637,1.555789,1.381145,1.289410,1.025588,0.737057,1.212942,1.249348,1.052616,1.159082,1.236127,0.056059,0.055666,0.060860,0.067893,0.075086,0.064786,0.061927,0.055303,0.000000
363051.177026,0.181985,0.172866,0.151925,0.168230,0.169355,0.194460,0.170792,0.154873,0.600000,0.660236,0.553162,0.752750,0.664425,0.745878,0.688430,0.781391,1.068325,1.195240,1.222160,1.349102,1.261158,1.366378,1.496356,1.444462,1.306543,1.021964,0.706597,1.237993,1.273692,1.047081,1.157888,1.247243,0.054883,0.054569,0.059948,0.066199,0.074717,0.062939,0.062653,0.053804,0.000000
363051.187026,0.179602,0.173636,0.152344,0.158072,0.163268,0.181222,0.163014,0.146031,0.590362,0.637703,0.524887,0.785654,0.644268,0.759419,0.685329,0.740647,1.034932,1.135695,1.168593,1.357674,1.327409,1.325627,1.544113,1.501356,1.319998,1.011746,0.685006,1.266282,1.293726,1.028922,1.160372,1.258103,0.054831,0.052042,0.056615,0.064163,0.071297,0.064068,0.062208,0.051148,0.000000
363051.197026,0.184597,0.170228,0.152770,0.156005,0.159224,0.170337,0.156620,0.138143,0.569130,0.614998,0.498717,0.809286,0.623465,0.769642,0.677831,0.703373,1.016394,1.083713,1.119058,1.359438,1.394606,1.355365,1.579791,1.554540,1.341679,0.997236,0.665041,1.298755,1.306259,1.015669,1.169808,1.269041,0.051830,0.051758,0.053560,0.062251,0.068641,0.065044,0.062003,0.050857,0.000000
363051.207026,0.189274,0.174183,0.153164,0.154126,0.153846,0.168300,0.150743,0.130847,0.549471,0.582232,0.474509,0.831140,0.605442,0.770988,0.670914,0.668899,1.013093,1.027653,1.073239,1.361049,1.458495,1.374099,1.612780,1.603737,1.361753,0.991363,0.646574,1.328797,1.314092,1.012138,1.178556,1.279153,0.049012,0.049781,0.050734,0.060449,0.064802,0.066113,0.062940,0.052394,0.000000
363051.217026,0.193600,0.177893,0.144300,0.152389,0.148866,0.166458,0.145307,0.124097,0.558479,0.551882,0.464530,0.851355,0.588776,0.772251,0.664515,0.637010,1.010039,0.979218,1.019136,1.362540,1.517596,1.391408,1.643294,1.649243,1.380322,0.985957,0.639453,1.356586,1.321331,1.008883,1.186649,1.288507,0.046405,0.048107,0.050512,0.058782,0.061244,0.068591,0.065409,0.054275,0.000000
363051.227026,0.186784,0.181326,0.135901,0.146185,0.144259,0.164755,0.141700,0.124641,0.585968,0.556899,0.462704,0.867202,0.573360,0.773419,0.659084,0.604462,1.017682,0.990311,0.965261,1.361537,1.572264,1.440409,1.670452,1.695763,1.407105,0.980957,0.637108,1.386253,1.328028,1.005872,1.195555,1.297104,0.049912,0.046826,0.051495,0.057531,0.060243,0.070883,0.066535,0.054980,0.000000
363051.237026,0.179312,0.175238,0.132856,0.140835,0.139126,0.158782,0.136896,0.123539,0.618518,0.580446,0.489546,0.883989,0.562300,0.770570,0.651750,0.572850,1.029661,0.994163,0.955025,1.361020,1.620306,1.497041,1.692938,1.738514,1.434198,0.983946,0.633009,1.415387,1.333136,1.006045,1.206410,1.306300,0.049474,0.048299,0.051828,0.057811,0.060131,0.070956,0.066827,0.055098,0.000000
363051.376331,0.167773,0.169327,0.128790,0.137670,0.130338,0.156321,0.134408,0.121614,0.653032,0.609148,0.514835,0.899716,0.558848,0.771318,0.648590,0.542379,1.044667,0.991909,0.973528,1.365313,1.664067,1.543590,1.716983,1.781038,1.455595,0.989659,0.624817,1.440035,1.338083,1.010217,1.213819,1.311116,0.047408,0.047915,0.054736,0.055695,0.060800,0.072708,0.067293,0.056086,0.000000
363051.386331,0.166788,0.160289,0.129149,0.129177,0.122503,0.157584,0.131692,0.119914,0.697415,0.639207,0.540536,0.909278,0.554535,0.780184,0.644867,0.514306,1.061347,0.989955,0.986663,1.373557,1.706952,1.581369,1.739084,1.820169,1.465324,0.992259,0.606234,1.460290,1.340647,1.014357,1.220244,1.316087,0.047042,0.045770,0.051967,0.054318,0.060492,0.072325,0.066195,0.055442,0.000000
363051.396331,0.168752,0.156672,0.127559,0.131566,0.113680,0.154449,0.127400,0.114458,0.743099,0.677945,0.549264,0.915131,0.549195,0.786961,0.644643,0.490682,1.096908,0.997461,1.001654,1.386542,1.748273,1.618316,1.756455,1.852718,1.457700,0.984901,0.574980,1.472157,1.340856,1.018535,1.227385,1.324154,0.046012,0.045792,0.051872,0.051525,0.061416,0.070483,0.063616,0.053504,0.000000
363051.406331,0.160806,0.155898,0.122706,0.130562,0.108884,0.151718,0.124073,0.107546,0.769462,0.717095,0.552065,0.933015,0.547541,0.793383,0.649391,0.497842,1.138766,1.015308,1.020424,1.398699,1.787471,1.652331,1.770225,1.880966,1.436792,0.964262,0.538607,1.471649,1.337679,1.021404,1.230441,1.332465,0.046287,0.044418,0.054912,0.051346,0.059689,0.068266,0.065185,0.056105,0.000000
363051.416331,0.151605,0.149197,0.118234,0.123943,0.108120,0.148813,0.116176,0.104159,0.790444,0.741198,0.554632,0.952740,0.553631,0.804635,0.657763,0.508581,1.179054,1.039054,1.037791,1.408876,1.823185,1.679496,1.780124,1.903502,1.413578,0.934092,0.533973,1.464870,1.329632,1.016911,1.231521,1.342138,0.044529,0.043284,0.057730,0.051229,0.059852,0.068441,0.063969,0.054731,0.000000
363051.426331,0.143088,0.141924,0.119391,0.117800,0.103788,0.143466,0.108852,0.101045,0.809848,0.759490,0.551730,0.971009,0.558157,0.817702,0.665524,0.518538,1.216322,1.067226,1.053337,1.418309,1.854076,1.701777,1.789298,1.924371,1.392101,0.902326,0.531762,1.458592,1.317870,1.010078,1.232503,1.351062,0.044253,0.043999,0.055147,0.051114,0.060652,0.068217,0.062839,0.053458,0.000000
363051.436331,0.136436,0.135193,0.115647,0.115285,0.099812,0.138508,0.101209,0.097659,0.823477,0.776409,0.553204,0.986689,0.562366,0.829799,0.674165,0.524806,1.253091,1.093288,1.068877,1.427298,1.882676,1.722380,1.799475,1.941639,1.372306,0.872941,0.528717,1.448351,1.306954,1.003754,1.232133,1.359781,0.043146,0.044662,0.053219,0.048833,0.061379,0.068008,0.061998,0.052836,0.000000
363051.446331,0.131398,0.128742,0.112655,0.110239,0.094738,0.128721,0.097840,0.092420,0.836719,0.787502,0.554733,0.994876,0.560212,0.846267,0.678135,0.527693,1.285601,1.124898,1.081533,1.430007,1.907277,1.739450,1.806135,1.954518,1.351616,0.845393,0.532955,1.431046,1.291650,1.000743,1.230734,1.368564,0.041236,0.041728,0.053954,0.050954,0.058472,0.067365,0.061414,0.054007,0.000000
363051.535506,0.126032,0.122558,0.107278,0.103480,0.090791,0.122331,0.097505,0.090858,0.845780,0.799200,0.558257,1.005100,0.553746,0.858996,0.685250,0.534528,1.319311,1.154791,1.092330,1.426318,1.929119,1.757384,1.805609,1.962105,1.331469,0.817802,0.537545,1.408458,1.271999,0.996502,1.232561,1.379350,0.042457,0.041449,0.053017,0.049621,0.058966,0.065974,0.059462,0.052904,0.000000
363051.545506,0.121753,0.117957,0.102294,0.101561,0.088414,0.123174,0.096367,0.092344,0.852246,0.806028,0.561522,1.018013,0.544461,0.878823,0.695165,0.543807,1.352263,1.178574,1.102308,1.417080,1.949606,1.779348,1.799555,1.966115,1.309614,0.790426,0.541783,1.379938,1.249075,0.992041,1.232971,1.387693,0.041570,0.039383,0.052149,0.050315,0.058946,0.063967,0.059964,0.053530,0.000000
363051.555506,0.117798,0.113025,0.100804,0.099797,0.085062,0.120348,0.095310,0.093727,0.858224,0.812028,0.567706,1.029946,0.539150,0.903901,0.704342,0.552384,1.382740,1.197767,1.107131,1.408550,1.967792,1.798436,1.793948,1.969834,1.289401,0.762219,0.542616,1.353569,1.220809,0.985511,1.233351,1.395404,0.040995,0.040064,0.052888,0.050956,0.056318,0.064910,0.060427,0.054112,0.000000
363051.565506,0.113976,0.108459,0.099440,0.095123,0.081990,0.117733,0.096672,0.095336,0.867271,0.817580,0.573436,1.044291,0.534228,0.927124,0.722085,0.570261,1.412734,1.215518,1.111578,1.392447,1.984643,1.816096,1.778944,1.966978,1.266327,0.736126,0.543380,1.321630,1.194650,0.979452,1.227431,1.397738,0.041354,0.040696,0.053584,0.051752,0.053898,0.065769,0.060815,0.055139,0.000000
363051.575506,0.110440,0.105235,0.098178,0.090801,0.082846,0.115312,0.097968,0.096867,0.875639,0.826082,0.578737,1.057566,0.537923,0.954843,0.738496,0.586841,1.440478,1.227905,1.115692,1.377556,1.993185,1.832229,1.765088,1.964373,1.244983,0.709939,0.544086,1.292089,1.165069,0.966959,1.221934,1.399855,0.041914,0.040757,0.054228,0.052482,0.055983,0.066252,0.061137,0.056043,0.000000
363051.585506,0.107170,0.102260,0.096581,0.086804,0.083675,0.113085,0.099167,0.098284,0.883379,0.833952,0.580039,1.069845,0.541376,0.980483,0.753676,0.602177,1.466141,1.239358,1.117513,1.363781,2.001106,1.847164,1.752271,1.961963,1.225240,0.685716,0.540378,1.264764,1.137673,0.955406,1.216850,1.401814,0.042476,0.040821,0.055395,0.053157,0.057875,0.066686,0.061435,0.056879,0.000000
363051.595506,0.108414,0.099508,0.094203,0.087032,0.084443,0.111025,0.099181,0.095491,0.894273,0.841231,0.579778,1.079233,0.544569,1.004200,0.778914,0.611790,1.486959,1.249952,1.120337,1.343946,2.008434,1.860979,1.727566,1.951467,1.204092,0.663309,0.535821,1.232949,1.112332,0.944719,1.204047,1.399294,0.043622,0.040880,0.054612,0.051499,0.059624,0.067088,0.058701,0.055512,0.000000
363051.605506,0.112160,0.097846,0.093478,0.095221,0.081630,0.109349,0.100853,0.094550,0.902489,0.846686,0.581381,1.076172,0.544857,1.033430,0.799993,0.612117,1.497948,1.259380,1.125204,1.313958,2.008244,1.868514,1.691944,1.935522,1.177912,0.644711,0.529700,1.192256,1.088322,0.924043,1.183033,1.391237,0.043423,0.041778,0.055481,0.051045,0.058820,0.063666,0.058027,0.055204,0.000000
363051.791478,0.112058,0.098254,0.092813,0.100508,0.078794,0.111903,0.101018,0.096291,0.906336,0.850292,0.582869,1.067437,0.544984,1.055964,0.815448,0.607498,1.503927,1.266278,1.129710,1.278427,2.007620,1.863451,1.651080,1.918816,1.148957,0.626720,0.524039,1.147894,1.063874,0.892699,1.155195,1.376690,0.045390,0.040563,0.056281,0.052660,0.056762,0.062269,0.060437,0.057454,0.000000
363051.801478,0.111951,0.099397,0.092198,0.105390,0.075026,0.112189,0.101165,0.097911,0.909882,0.853977,0.584245,1.059346,0.544358,1.071370,0.829736,0.603224,1.509444,1.271277,1.133879,1.245549,2.009218,1.851340,1.613274,1.903372,1.122161,0.608373,0.518802,1.106848,1.037563,0.855082,1.129441,1.363238,0.047218,0.042203,0.057020,0.054163,0.057762,0.064730,0.062672,0.059528,0.000000
363051.811478,0.111851,0.100456,0.094114,0.109905,0.071556,0.112445,0.101300,0.099409,0.913162,0.857389,0.587486,1.051863,0.543790,1.085609,0.842952,0.599269,1.514548,1.275903,1.139349,1.215137,2.010715,1.840129,1.578304,1.889086,1.097374,0.591404,0.513952,1.068881,1.013235,0.820277,1.105617,1.350795,0.048908,0.043718,0.055363,0.055553,0.058671,0.067013,0.064739,0.061445,0.000000
363051.821478,0.111400,0.101437,0.094666,0.111160,0.068347,0.112682,0.099760,0.096767,0.915408,0.860545,0.592498,1.039227,0.543265,1.098780,0.849089,0.596159,1.518210,1.280183,1.146439,1.181845,2.012098,1.829758,1.540439,1.872510,1.073214,0.575708,0.509654,1.032308,0.990731,0.788081,1.075256,1.333811,0.049602,0.045119,0.056412,0.052445,0.059512,0.069125,0.060981,0.058082,0.000000
363051.831478,0.110545,0.103222,0.096067,0.113705,0.067846,0.110838,0.096891,0.096401,0.919682,0.863832,0.599476,1.028261,0.544387,1.104735,0.853833,0.591537,1.524620,1.283722,1.152691,1.152120,2.014668,1.812748,1.525391,1.854312,1.052908,0.560733,0.504334,0.997990,0.970493,0.755814,1.046126,1.321275,0.050435,0.043133,0.055993,0.050911,0.057860,0.065586,0.059789,0.058562,0.000000
363051.841478,0.108409,0.104637,0.091476,0.114760,0.065964,0.108197,0.097234,0.104003,0.923720,0.869834,0.606915,1.017651,0.544433,1.109423,0.861831,0.584292,1.532823,1.291243,1.160761,1.126888,2.020866,1.796345,1.515108,1.829491,1.034193,0.550200,0.495877,0.963528,0.955420,0.726206,1.019811,1.310222,0.049466,0.043165,0.055975,0.048460,0.057156,0.063993,0.056272,0.055633,0.000000
363051.851478,0.103860,0.103816,0.100716,0.111282,0.066454,0.102539,0.106697,0.114775,0.928936,0.874097,0.600310,1.007463,0.546434,1.113573,0.885170,0.551529,1.549267,1.301375,1.178705,1.104092,2.025416,1.780680,1.514798,1.786186,1.010582,0.543678,0.489353,0.920440,0.941218,0.731345,0.995376,1.302804,0.047933,0.041193,0.059566,0.048250,0.055106,0.059341,0.056038,0.052957,0.000000
363051.861478,0.116493,0.100075,0.107669,0.116988,0.074012,0.105480,0.109018,0.112491,0.914440,0.878058,0.591871,0.982577,0.549685,1.122760,0.902151,0.537720,1.575750,1.310829,1.200537,1.088066,2.022013,1.771796,1.505929,1.735988,0.973594,0.530811,0.489777,0.865745,0.925121,0.738479,0.978863,1.301526,0.048705,0.041959,0.058362,0.049975,0.053110,0.061526,0.057559,0.055721,0.000000
363051.993161,0.123054,0.111973,0.116895,0.120223,0.080903,0.112022,0.108649,0.114606,0.894145,0.861938,0.574315,0.950413,0.536342,1.120919,0.915004,0.530279,1.599548,1.323644,1.224364,1.076327,2.016122,1.757942,1.494738,1.680716,0.927449,0.517267,0.492311,0.805644,0.912362,0.743094,0.961333,1.293917,0.052832,0.045289,0.060826,0.050515,0.055785,0.061691,0.058131,0.056240,0.000000
363052.003161,0.136571,0.119336,0.125480,0.134311,0.084807,0.111255,0.115596,0.116681,0.862040,0.843806,0.558016,0.902504,0.519612,1.110219,0.922962,0.539371,1.631824,1.337683,1.246353,1.060241,2.008819,1.738288,1.482875,1.614372,0.869624,0.513796,0.494598,0.765248,0.899983,0.740702,0.930454,1.273246,0.050562,0.044130,0.063161,0.051249,0.055098,0.062007,0.056203,0.053405,0.000000
363052.013161,0.149147,0.131230,0.133421,0.147415,0.091123,0.121210,0.122099,0.118672,0.832268,0.814828,0.542939,0.858166,0.498152,1.090188,0.930383,0.547850,1.661748,1.340068,1.266693,1.045295,1.989755,1.721300,1.471972,1.553007,0.816210,0.514213,0.496712,0.727868,0.877146,0.725015,0.901847,1.254081,0.048415,0.045847,0.065322,0.051963,0.054917,0.062146,0.054448,0.050847,0.000000
363052.023161,0.160781,0.142300,0.140767,0.159537,0.097029,0.130492,0.128115,0.120513,0.804729,0.787951,0.528993,0.817154,0.478238,1.071702,0.937247,0.555692,1.689429,1.342223,1.285508,1.031469,1.972091,1.705658,1.461887,1.496244,0.766802,0.514528,0.498668,0.693292,0.855993,0.710572,0.875386,1.236353,0.048251,0.047491,0.067320,0.052623,0.054814,0.062293,0.052825,0.048481,0.000000
363052.033161,0.171542,0.152540,0.147561,0.170750,0.102492,0.139077,0.133680,0.122217,0.779255,0.763089,0.516094,0.779217,0.459818,1.054602,0.943597,0.564876,1.715033,1.349370,1.302911,1.023270,1.955752,1.691189,1.452558,1.443738,0.721100,0.514819,0.500478,0.661308,0.836426,0.697213,0.850909,1.219954,0.050682,0.049011,0.069169,0.053233,0.054720,0.062429,0.051324,0.046292,0.000000
363052.043161,0.181496,0.162012,0.139882,0.181121,0.107545,0.147019,0.138828,0.123793,0.755691,0.740092,0.517362,0.744126,0.442780,1.038784,0.949470,0.581886,1.738717,1.376873,1.329428,1.036332,1.940637,1.677805,1.443929,1.395171,0.678825,0.515088,0.499037,0.631724,0.818327,0.684856,0.828267,1.204786,0.052941,0.050418,0.070745,0.053798,0.054633,0.062554,0.049935,0.044267,0.000000
363052.053161,0.170503,0.170774,0.146279,0.174033,0.112219,0.154365,0.138323,0.122109,0.755837,0.719923,0.523286,0.711201,0.427019,1.024153,0.935637,0.582215,1.751838,1.402314,1.366207,1.045597,1.926657,1.665425,1.420580,1.335060,0.643915,0.515337,0.492575,0.621194,0.801586,0.673425,0.794045,1.178694,0.055485,0.051719,0.069715,0.055473,0.054552,0.062671,0.052148,0.045824,0.000000
363052.063161,0.178260,0.160155,0.147863,0.164976,0.111438,0.153994,0.137077,0.117039,0.765197,0.720877,0.521625,0.684751,0.426402,0.987201,0.917799,0.577091,1.742500,1.420070,1.409312,1.052234,1.901682,1.638745,1.394468,1.270323,0.628709,0.514700,0.476899,0.617282,0.792532,0.660644,0.754984,1.148052,0.056035,0.053742,0.070646,0.053657,0.053875,0.064588,0.053102,0.046923,0.000000
363052.206071,0.179319,0.169285,0.151620,0.157178,0.117327,0.153718,0.134188,0.110545,0.761736,0.734992,0.517439,0.666160,0.436438,0.947928,0.891936,0.573844,1.724267,1.417059,1.458104,1.070872,1.875311,1.611121,1.365736,1.206695,0.629882,0.510602,0.455613,0.616508,0.784492,0.657033,0.715392,1.116614,0.054486,0.053310,0.071178,0.052338,0.055351,0.064966,0.053713,0.046294,0.000000
363052.216071,0.184633,0.171053,0.152529,0.150139,0.115696,0.156493,0.134251,0.105212,0.756462,0.737756,0.511486,0.650428,0.436045,0.895997,0.866251,0.573799,1.698407,1.404320,1.504175,1.116651,1.856142,1.581444,1.341405,1.146771,0.637931,0.499190,0.435116,0.618881,0.764953,0.662833,0.683100,1.086668,0.053606,0.054478,0.073920,0.052398,0.054730,0.064420,0.052376,0.047983,0.000000
363052.226071,0.188655,0.178736,0.150347,0.151933,0.117026,0.151188,0.138328,0.106318,0.751506,0.736987,0.506959,0.639915,0.432529,0.852136,0.823782,0.564098,1.674864,1.379534,1.538368,1.151468,1.837580,1.547170,1.324116,1.103348,0.645793,0.477793,0.413491,0.619032,0.734812,0.670335,0.669976,1.069544,0.056500,0.055307,0.074702,0.053871,0.057315,0.061884,0.053247,0.049251,0.000000
363052.236071,0.191671,0.179381,0.141854,0.147845,0.111765,0.156000,0.139296,0.111922,0.750279,0.730366,0.496816,0.639448,0.419865,0.810606,0.776506,0.547506,1.639671,1.369976,1.568712,1.180653,1.821985,1.522443,1.307951,1.073403,0.643273,0.458756,0.392499,0.612879,0.703320,0.663061,0.666156,1.061200,0.058260,0.058142,0.073272,0.054082,0.055443,0.063332,0.057866,0.053296,0.000000
363052.246071,0.190151,0.180237,0.140553,0.146363,0.109680,0.151794,0.155137,0.129174,0.746472,0.712715,0.489376,0.643735,0.410219,0.783353,0.731183,0.509959,1.601527,1.369959,1.587651,1.202609,1.809094,1.494844,1.309014,1.064480,0.643320,0.442696,0.415388,0.611151,0.683725,0.647922,0.662837,1.059553,0.055812,0.058977,0.070330,0.052595,0.054217,0.065609,0.058441,0.052253,0.000000
363052.256071,0.189419,0.175148,0.142657,0.137652,0.105391,0.157942,0.156719,0.130738,0.746635,0.693544,0.485234,0.654730,0.398714,0.767180,0.699039,0.489442,1.564747,1.420690,1.602370,1.214858,1.796895,1.480634,1.309921,1.070189,0.661306,0.444487,0.438654,0.617757,0.675654,0.645031,0.662016,1.061894,0.054852,0.055881,0.071672,0.051858,0.051829,0.065704,0.056162,0.051765,0.000000
363052.266071,0.186993,0.175168,0.149402,0.136751,0.101201,0.155961,0.166518,0.138271,0.744993,0.686908,0.483743,0.671835,0.406203,0.761142,0.686980,0.482704,1.530064,1.452003,1.614579,1.224783,1.785781,1.469181,1.327075,1.072528,0.684068,0.465080,0.455992,0.621876,0.668587,0.651338,0.646236,1.052173,0.059166,0.053373,0.073168,0.052591,0.049524,0.062973,0.055910,0.050447,0.000000
363052.276071,0.197665,0.173176,0.155713,0.141659,0.103664,0.162209,0.158803,0.133066,0.747754,0.678634,0.482432,0.704188,0.410788,0.768918,0.687566,0.486979,1.511847,1.474403,1.625942,1.228120,1.770435,1.474614,1.349193,1.072036,0.696174,0.488937,0.471954,0.621178,0.656236,0.651380,0.617104,1.032447,0.063081,0.055614,0.074499,0.056162,0.046302,0.062120,0.058910,0.052427,0.000000
363052.398134,0.207648,0.176864,0.157979,0.146285,0.100941,0.155048,0.151649,0.128223,0.750407,0.673649,0.490109,0.734198,0.422237,0.791157,0.688182,0.490984,1.495107,1.492502,1.637307,1.231266,1.749205,1.488445,1.369721,1.071534,0.707261,0.503336,0.482076,0.620632,0.636331,0.642456,0.590103,1.014173,0.066662,0.057979,0.072428,0.059449,0.048809,0.065583,0.061653,0.054240,0.000000
363052.408134,0.213239,0.180345,0.155612,0.152918,0.098426,0.148477,0.152068,0.128660,0.749565,0.669100,0.521887,0.768474,0.432849,0.811805,0.699706,0.504127,1.483347,1.509304,1.655692,1.238231,1.729535,1.501312,1.399994,1.061252,0.708303,0.516585,0.485152,0.610805,0.617903,0.634124,0.566104,0.999584,0.064428,0.060132,0.069275,0.056748,0.051119,0.068758,0.061353,0.053139,0.000000
363052.418134,0.218226,0.185941,0.153433,0.158390,0.103580,0.150913,0.147505,0.123198,0.751650,0.667557,0.551314,0.813049,0.447706,0.841286,0.720424,0.524881,1.489423,1.529523,1.672719,1.256882,1.701319,1.524026,1.438084,1.042540,0.697467,0.522277,0.488017,0.593349,0.603360,0.616511,0.553957,0.992950,0.060644,0.059978,0.066386,0.053903,0.049876,0.068271,0.059663,0.051691,0.000000
363052.428134,0.222897,0.186209,0.152060,0.163503,0.102526,0.151262,0.143331,0.118168,0.753646,0.668492,0.581246,0.854346,0.473890,0.881545,0.739646,0.544120,1.495108,1.562218,1.690868,1.274188,1.664918,1.557483,1.473374,1.032407,0.687500,0.525322,0.492165,0.597444,0.599745,0.600707,0.542765,0.986853,0.062076,0.058304,0.066166,0.051205,0.049223,0.065017,0.058108,0.050341,0.000000
363052.438134,0.225392,0.186486,0.150799,0.168291,0.101578,0.151651,0.148465,0.126789,0.754995,0.669404,0.608928,0.896604,0.498151,0.918857,0.767792,0.574620,1.506419,1.592507,1.707646,1.314352,1.631245,1.588502,1.516406,1.068470,0.681284,0.528195,0.496000,0.605073,0.596443,0.586160,0.545001,0.989149,0.064748,0.056752,0.065972,0.052206,0.048595,0.062028,0.056987,0.048590,0.000000
363052.448134,0.227696,0.189673,0.146879,0.172722,0.106844,0.152470,0.153247,0.134817,0.761627,0.675110,0.636438,0.935692,0.527110,0.958575,0.793828,0.602835,1.516885,1.627323,1.725911,1.353089,1.601956,1.623623,1.556202,1.101821,0.675537,0.539563,0.501290,0.612128,0.599775,0.582978,0.547173,0.991219,0.067219,0.056138,0.064816,0.053134,0.047529,0.062611,0.055974,0.046980,0.000000
363052.458134,0.220579,0.192643,0.142269,0.170814,0.111745,0.153229,0.150629,0.134731,0.801752,0.680403,0.662234,0.975503,0.553882,0.995314,0.824274,0.638554,1.535502,1.659507,1.742857,1.394658,1.574884,1.656109,1.602740,1.144143,0.678792,0.550064,0.506831,0.618261,0.602828,0.580032,0.544341,1.002199,0.068056,0.055589,0.063331,0.053081,0.046561,0.063151,0.055828,0.046396,0.000000
363052.468134,0.216191,0.186579,0.138205,0.167520,0.109824,0.147685,0.151932,0.145740,0.838761,0.681840,0.685422,1.015019,0.584115,1.031791,0.857316,0.683023,1.555535,1.697226,1.759680,1.435780,1.549151,1.691461,1.649559,1.191928,0.687515,0.568062,0.513282,0.620113,0.611865,0.587613,0.546845,1.001356,0.065235,0.055375,0.061370,0.051084,0.044789,0.063699,0.055207,0.046056,0.000000
363052.575047,0.214752,0.180977,0.136150,0.167043,0.111096,0.141810,0.147356,0.146990,0.877218,0.701458,0.708288,1.058410,0.613732,1.063544,0.899456,0.743070,1.579511,1.734064,1.772509,1.483684,1.525683,1.724456,1.709491,1.260903,0.695303,0.586995,0.515856,0.619659,0.617040,0.596733,0.540889,0.979411,0.063370,0.053943,0.059938,0.047439,0.043132,0.061744,0.055084,0.046846,0.000000
363052.585047,0.218666,0.178654,0.134256,0.175158,0.104559,0.137155,0.143436,0.138698,0.913594,0.735762,0.729442,1.095562,0.647959,1.093215,0.937300,0.799490,1.609599,1.767529,1.784368,1.539101,1.524727,1.757725,1.774624,1.334829,0.697131,0.602104,0.518229,0.626974,0.617321,0.601241,0.551960,0.943573,0.058833,0.051817,0.058621,0.048964,0.044485,0.059041,0.056063,0.049701,0.000000
363052.595047,0.222319,0.181400,0.140568,0.182718,0.100370,0.140119,0.139851,0.131027,0.947266,0.768319,0.755344,1.129949,0.683853,1.119135,0.972316,0.851689,1.637468,1.797958,1.786979,1.590419,1.550272,1.794832,1.834915,1.403247,0.698784,0.608327,0.513482,0.633797,0.616177,0.601131,0.562187,0.910389,0.054614,0.051334,0.057835,0.050338,0.045031,0.057521,0.056948,0.052330,0.000000
363052.605047,0.234122,0.183971,0.146439,0.194259,0.096501,0.142893,0.149378,0.137988,0.985704,0.798455,0.779334,1.163021,0.717057,1.143119,1.010347,0.908722,1.672854,1.826082,1.789395,1.645533,1.573896,1.829188,1.904930,1.483268,0.690414,0.614046,0.509120,0.649874,0.615117,0.601043,0.562165,0.877033,0.055528,0.050893,0.057136,0.050260,0.045539,0.056090,0.057922,0.053257,0.000000
363052.615047,0.245074,0.194440,0.151871,0.204951,0.104199,0.151325,0.158234,0.144485,1.021286,0.832741,0.801525,1.193629,0.755855,1.166341,1.045573,0.961538,1.705576,1.844504,1.791630,1.696509,1.584217,1.869003,1.969705,1.557308,0.682704,0.610867,0.505086,0.664727,0.619214,0.607466,0.562143,0.846227,0.056400,0.050543,0.056489,0.050188,0.045890,0.057375,0.058815,0.054083,0.000000
363052.625047,0.255204,0.204157,0.156895,0.214842,0.111358,0.159143,0.166425,0.150495,1.054199,0.864483,0.822051,1.221941,0.791781,1.187842,1.078156,1.010392,1.735844,1.861533,1.793697,1.743663,1.593763,1.905832,2.029622,1.625795,0.675572,0.607960,0.501354,0.678466,0.623024,0.613401,0.562122,0.817732,0.057206,0.050241,0.055891,0.050121,0.047058,0.058563,0.059642,0.054846,0.000000
363052.635047,0.264575,0.213145,0.154750,0.223990,0.117979,0.166374,0.174003,0.156054,1.084644,0.893844,0.838194,1.248130,0.825013,1.207731,1.108297,1.055583,1.763841,1.877285,1.782402,1.787279,1.602593,1.939900,2.085045,1.689147,0.668975,0.605271,0.491708,0.691174,0.626548,0.618891,0.562103,0.791373,0.057952,0.049961,0.056251,0.050059,0.048140,0.059662,0.060406,0.055553,0.000000
363052.645047,0.260786,0.221460,0.145900,0.224911,0.124104,0.173063,0.178973,0.159800,1.112506,0.921003,0.846026,1.266834,0.855753,1.226127,1.126484,1.088374,1.808339,1.891855,1.762932,1.846591,1.610761,1.971412,2.149918,1.758479,0.654304,0.602784,0.486439,0.708250,0.629808,0.623970,0.544325,0.777496,0.057927,0.049702,0.060335,0.051488,0.049140,0.060678,0.061572,0.055577,0.000000
363052.811931,0.253061,0.218691,0.142845,0.215714,0.130318,0.178671,0.174339,0.155259,1.124966,0.944537,0.843560,1.267441,0.880393,1.234702,1.133629,1.110262,1.855347,1.893994,1.731834,1.906986,1.603696,2.015734,2.208688,1.820406,0.642731,0.596510,0.494554,0.726078,0.645367,0.645377,0.519045,0.772453,0.063469,0.050157,0.059753,0.053273,0.049834,0.062676,0.058632,0.052639,0.000000
363052.821931,0.251305,0.210690,0.153072,0.211558,0.123569,0.171217,0.164528,0.146684,1.125349,0.954962,0.822065,1.257695,0.891149,1.229393,1.134452,1.125373,1.897504,1.891236,1.687495,1.964106,1.590027,2.057277,2.264914,1.878358,0.642577,0.595495,0.518835,0.740216,0.671884,0.677227,0.520898,0.774321,0.063084,0.053232,0.059216,0.056316,0.047897,0.060388,0.058994,0.052604,0.000000
363052.831931,0.266333,0.207430,0.151092,0.224063,0.118658,0.161285,0.161308,0.142910,1.107875,0.954921,0.804074,1.233326,0.892558,1.216976,1.129724,1.134413,1.937232,1.885092,1.638678,2.017673,1.567278,2.097818,2.315552,1.929620,0.659272,0.606406,0.554413,0.742971,0.708726,0.710702,0.542972,0.779342,0.061226,0.054552,0.062285,0.054657,0.050776,0.062170,0.056698,0.050263,0.000000
363052.841931,0.262729,0.222489,0.149263,0.221696,0.131793,0.166079,0.158589,0.140974,1.093399,0.935380,0.787416,1.217102,0.872450,1.194228,1.123953,1.141987,1.958719,1.871405,1.593459,2.054341,1.530967,2.134874,2.357792,1.971849,0.694386,0.633438,0.587355,0.730604,0.755727,0.737973,0.556867,0.784936,0.057665,0.053681,0.065145,0.055834,0.049567,0.061216,0.059051,0.052098,0.000000
363052.851931,0.259406,0.220610,0.147572,0.219509,0.135603,0.166045,0.156086,0.139200,1.079967,0.919517,0.772008,1.202082,0.855897,1.176295,1.118606,1.148984,1.978605,1.859183,1.551631,2.088257,1.491350,2.158730,2.396849,2.010895,0.726893,0.677126,0.617826,0.719099,0.809733,0.753171,0.569695,0.790106,0.058442,0.057502,0.067791,0.056958,0.053259,0.063960,0.061246,0.054174,0.000000
363052.861931,0.256333,0.218890,0.144373,0.217486,0.139166,0.166039,0.153770,0.137559,1.067544,0.904816,0.759921,1.188188,0.840567,1.159699,1.113660,1.155456,1.997000,1.847810,1.507623,2.119630,1.454635,2.180778,2.432977,2.047012,0.756963,0.717568,0.650851,0.708458,0.859678,0.767170,0.581561,0.794888,0.060423,0.061068,0.063737,0.057997,0.056702,0.066536,0.063276,0.056094,0.000000
363052.871931,0.250761,0.217298,0.141270,0.213601,0.142461,0.166034,0.154971,0.138517,1.059120,0.891217,0.757961,1.178442,0.826386,1.144348,1.106404,1.159956,2.009917,1.837289,1.454649,2.145169,1.420673,2.201173,2.464424,2.078151,0.789986,0.754976,0.678271,0.692781,0.905877,0.780119,0.588505,0.797121,0.058168,0.064366,0.059563,0.055652,0.059887,0.068919,0.062262,0.054841,0.000000
363052.881931,0.242460,0.213637,0.143444,0.204124,0.144533,0.166036,0.148490,0.133836,1.062995,0.881679,0.768160,1.177139,0.815454,1.132279,1.106260,1.168251,2.015982,1.824729,1.395794,2.164907,1.409163,2.216065,2.482733,2.097894,0.814627,0.794559,0.701972,0.684634,0.948803,0.783691,0.599659,0.789436,0.055469,0.060613,0.060317,0.053399,0.057482,0.067889,0.061566,0.054644,0.000000
363053.018320,0.238822,0.210247,0.151742,0.199901,0.135808,0.155570,0.137856,0.124928,1.077678,0.888698,0.787305,1.182143,0.812809,1.130697,1.112367,1.181864,2.010542,1.798338,1.374920,2.176680,1.392831,2.221163,2.493218,2.109767,0.833767,0.824376,0.713567,0.682839,0.977890,0.784565,0.616200,0.774726,0.055945,0.057984,0.061340,0.052604,0.055621,0.067760,0.063404,0.055774,0.000000
363053.028320,0.246621,0.210078,0.157085,0.204583,0.131493,0.147342,0.139044,0.122354,1.102804,0.909812,0.819946,1.194158,0.819672,1.133152,1.127465,1.202408,2.001897,1.770819,1.343241,2.185665,1.367005,2.221144,2.494291,2.112422,0.838584,0.848169,0.705204,0.683753,0.993709,0.785393,0.638821,0.753680,0.054718,0.059580,0.059010,0.049987,0.055152,0.067743,0.061361,0.053470,0.000000
363053.038320,0.242512,0.220064,0.151976,0.202146,0.133008,0.147149,0.137960,0.120734,1.138751,0.941903,0.842980,1.216067,0.834296,1.141686,1.150080,1.226529,1.977711,1.733857,1.297380,2.181377,1.331367,2.218126,2.485168,2.109216,0.827611,0.856302,0.681511,0.686024,0.996274,0.790676,0.662456,0.765674,0.052634,0.059180,0.059333,0.048049,0.057070,0.066937,0.057437,0.052432,0.000000
363053.048320,0.235071,0.218457,0.150121,0.196827,0.133915,0.147305,0.145380,0.121124,1.170182,0.986449,0.859467,1.240555,0.852372,1.159485,1.180675,1.251344,1.946238,1.687265,1.246080,2.170394,1.285126,2.204249,2.470180,2.103770,0.810336,0.843112,0.643859,0.680986,0.986188,0.799787,0.674393,0.790920,0.053263,0.057280,0.062740,0.051574,0.056149,0.063021,0.058694,0.053603,0.000000
363053.058320,0.230951,0.210298,0.165032,0.189931,0.128237,0.154593,0.143014,0.116688,1.196420,1.022033,0.863803,1.269746,0.860700,1.186210,1.221210,1.278172,1.909569,1.643072,1.196421,2.144024,1.229962,2.185085,2.438222,2.092510,0.793011,0.815164,0.608409,0.660274,0.967393,0.800415,0.670343,0.807544,0.054940,0.058436,0.061619,0.051500,0.054382,0.065006,0.059653,0.052890,0.000000
363053.068320,0.239844,0.207587,0.163617,0.195458,0.126197,0.155836,0.135411,0.112574,1.209634,1.049893,0.848167,1.285111,0.859986,1.224823,1.257158,1.299380,1.866795,1.600212,1.166002,2.105735,1.273176,2.144415,2.404308,2.082647,0.783760,0.781527,0.591389,0.625272,0.948192,0.782693,0.661639,0.818145,0.052913,0.061863,0.057902,0.048779,0.053504,0.066530,0.056709,0.050474,0.000000
363053.078320,0.234940,0.224188,0.162897,0.196127,0.135613,0.145771,0.131045,0.109818,1.208750,1.059501,0.833042,1.292800,0.849277,1.254731,1.294159,1.316422,1.834510,1.559441,1.137549,2.069486,1.326806,2.095531,2.364926,2.075865,0.784276,0.762178,0.576039,0.586630,0.940011,0.752604,0.658226,0.824906,0.051586,0.059927,0.056337,0.050163,0.052162,0.063802,0.056666,0.051798,0.000000
363053.088320,0.230309,0.222844,0.162237,0.195073,0.137132,0.142571,0.127475,0.107628,1.208476,1.049969,0.819056,1.294397,0.826514,1.282743,1.324504,1.332524,1.805844,1.533586,1.111222,2.029481,1.374138,2.042421,2.325461,2.069620,0.785546,0.758838,0.561834,0.568391,0.945344,0.719821,0.658293,0.829122,0.050080,0.057256,0.054897,0.051491,0.051491,0.063548,0.053831,0.049580,0.000000
363053.261296,0.226024,0.222680,0.159327,0.194115,0.137239,0.137699,0.124197,0.105604,1.208223,1.037413,0.803951,1.295881,0.804503,1.303465,1.352575,1.347419,1.779331,1.518010,1.167838,1.992443,1.417146,1.990053,2.288927,2.063841,0.786723,0.755940,0.545583,0.598311,0.954580,0.689523,0.658368,0.833022,0.049230,0.053862,0.053289,0.052732,0.049034,0.059101,0.051203,0.047528,0.000000
363053.271296,0.221929,0.222546,0.151962,0.194276,0.137337,0.133212,0.131331,0.114488,1.207656,1.025805,0.789257,1.297768,0.784143,1.322637,1.385637,1.367863,1.753253,1.580334,1.229799,1.955551,1.456928,1.941585,2.247552,2.048893,0.785717,0.753237,0.530118,0.623029,0.963125,0.687782,0.652536,0.830040,0.048129,0.050916,0.053090,0.052211,0.046758,0.054962,0.049398,0.047053,0.000000
363053.281296,0.207499,0.216876,0.143559,0.183079,0.137384,0.138906,0.134006,0.120281,1.203400,1.009259,0.774212,1.296934,0.765259,1.348610,1.413303,1.380843,1.719512,1.643620,1.287901,1.909064,1.493756,1.893485,2.193402,2.021999,0.784098,0.747357,0.518647,0.648478,0.970777,0.727994,0.632086,0.814804,0.049703,0.050057,0.054207,0.054471,0.043290,0.054561,0.055028,0.050433,0.000000
363053.291296,0.196575,0.202900,0.135780,0.180506,0.132464,0.139755,0.149900,0.135602,1.199867,0.988119,0.760290,1.301286,0.742825,1.372829,1.448094,1.399358,1.681611,1.707429,1.341648,1.859506,1.530644,1.833907,2.129701,1.985497,0.793119,0.735981,0.508993,0.686017,0.977210,0.771036,0.652380,0.798161,0.051902,0.049747,0.055246,0.051101,0.041727,0.060633,0.054203,0.049710,0.000000
363053.301296,0.186480,0.190054,0.147857,0.178163,0.132817,0.156935,0.164665,0.149820,1.196621,0.965559,0.754705,1.305349,0.726186,1.406444,1.480337,1.416529,1.646573,1.768326,1.379378,1.813703,1.559359,1.769803,2.070812,1.951743,0.801452,0.727863,0.512439,0.720719,0.987820,0.833295,0.682497,0.782806,0.054687,0.049711,0.055476,0.047948,0.039646,0.059843,0.054931,0.049960,0.000000
363053.311296,0.201403,0.178174,0.152414,0.192206,0.133171,0.172904,0.172671,0.152371,1.180891,0.944684,0.743901,1.300391,0.710820,1.437613,1.497693,1.421040,1.605833,1.824659,1.414537,1.744150,1.585904,1.710582,1.980495,1.894742,0.832913,0.720358,0.527659,0.779968,0.997619,0.890855,0.739692,0.784162,0.056632,0.049684,0.054958,0.049508,0.039351,0.061555,0.056849,0.051466,0.000000
363053.321296,0.205651,0.188461,0.169174,0.196812,0.134598,0.185552,0.171668,0.151110,1.148379,0.920877,0.746098,1.282293,0.692854,1.453679,1.502437,1.419273,1.642665,1.872310,1.432295,1.663191,1.602687,1.624358,1.885741,1.834844,0.878927,0.731405,0.536886,0.849640,1.021315,0.980056,0.804937,0.799094,0.059870,0.048383,0.054110,0.052835,0.042090,0.063436,0.059756,0.054246,0.000000
363053.331296,0.221919,0.192678,0.169856,0.218472,0.139256,0.185490,0.181440,0.159734,1.111820,0.889879,0.744333,1.263171,0.678046,1.454322,1.496168,1.406502,1.665629,1.919854,1.446546,1.575167,1.611649,1.605396,1.922990,1.759842,0.918635,0.752119,0.542810,0.908461,1.046187,1.079887,0.862958,0.826876,0.058046,0.048413,0.054986,0.050290,0.044063,0.064819,0.058112,0.051337,0.000000
363053.494575,0.217550,0.209175,0.170246,0.212461,0.157364,0.197251,0.176252,0.157764,1.060549,0.867546,0.752391,1.221356,0.673008,1.447338,1.474411,1.383011,1.688442,1.948995,1.450051,1.526355,1.603695,1.657359,1.978834,1.694335,0.950751,0.765077,0.541978,0.958553,1.063156,1.171901,0.915906,0.856047,0.061467,0.045723,0.053368,0.053832,0.041985,0.063895,0.058295,0.053268,0.000000
363053.504575,0.213286,0.211990,0.164018,0.210720,0.157106,0.190506,0.182517,0.168766,1.015538,0.841467,0.760675,1.184237,0.659844,1.419724,1.454682,1.362145,1.699105,1.973665,1.447067,1.562015,1.601703,1.719967,2.018267,1.681750,0.972684,0.771816,0.538940,0.995155,1.077707,1.255732,0.959439,0.878815,0.061023,0.048268,0.050565,0.051613,0.043234,0.062820,0.058197,0.053464,0.000000
363053.514575,0.200838,0.212390,0.153765,0.198545,0.161016,0.193350,0.175123,0.168325,0.966291,0.832260,0.775334,1.139140,0.658067,1.394504,1.420502,1.332068,1.701858,1.979337,1.439385,1.595861,1.589280,1.770364,2.051763,1.692087,0.987649,0.769047,0.543494,1.018012,1.083940,1.325260,0.993949,0.899775,0.062610,0.047679,0.049675,0.051730,0.043048,0.061813,0.058698,0.054985,0.000000
363053.524575,0.191028,0.201935,0.144289,0.188942,0.153708,0.187453,0.178210,0.177824,0.918280,0.823729,0.788917,1.097950,0.656905,1.352122,1.389928,1.308169,1.701125,1.975238,1.432298,1.625178,1.572359,1.819194,2.071710,1.681761,1.003411,0.764985,0.547706,1.040819,1.084855,1.376627,1.035895,0.936487,0.059153,0.048830,0.048842,0.048709,0.042431,0.061776,0.060462,0.056713,0.000000
363053.534575,0.181954,0.190943,0.141532,0.180064,0.145881,0.181136,0.181114,0.186701,0.873867,0.823225,0.801896,1.059855,0.662366,1.311678,1.361691,1.286145,1.700447,1.963740,1.419211,1.652295,1.550915,1.864786,2.090145,1.672179,1.017991,0.770167,0.557810,1.061916,1.091600,1.423854,1.074692,0.970438,0.055956,0.046374,0.048699,0.047467,0.040804,0.062638,0.062051,0.058223,0.000000
363053.544575,0.181309,0.180794,0.139011,0.183321,0.138667,0.175291,0.182722,0.183628,0.828486,0.822787,0.813922,1.019817,0.667438,1.274265,1.312593,1.242877,1.693615,1.953118,1.407092,1.665537,1.531080,1.906960,2.088499,1.643430,1.036888,0.774954,0.567168,1.094736,1.097844,1.467538,1.132238,1.025926,0.056506,0.046579,0.048560,0.049884,0.040613,0.063437,0.067833,0.063948,0.000000
363053.554575,0.180747,0.178435,0.141565,0.186407,0.136471,0.174893,0.184321,0.180908,0.786524,0.822159,0.829452,0.982820,0.672820,1.224946,1.267140,1.202836,1.687266,1.933607,1.395527,1.677713,1.503299,1.936383,2.086863,1.616713,1.054382,0.787694,0.575481,1.125140,1.112384,1.521135,1.185518,1.077306,0.057050,0.047242,0.047431,0.052346,0.041241,0.066053,0.073230,0.069301,0.000000
363053.564575,0.179426,0.176297,0.149628,0.182385,0.134486,0.174598,0.182884,0.178507,0.747314,0.821608,0.849514,0.939029,0.677833,1.179303,1.217391,1.160222,1.681197,1.915530,1.380819,1.687371,1.477559,1.963528,2.079886,1.585933,1.070092,0.799493,0.574934,1.163803,1.125861,1.570752,1.243499,1.131621,0.056847,0.047868,0.050175,0.050739,0.041849,0.068506,0.069403,0.066850,0.000000
363053.693546,0.186391,0.176219,0.161419,0.188610,0.131200,0.167307,0.197960,0.190565,0.719198,0.822930,0.873704,0.899185,0.679980,1.130338,1.146779,1.105853,1.663423,1.896536,1.371628,1.681072,1.451347,1.989952,2.046085,1.534073,1.069382,0.810460,0.561455,1.199724,1.142276,1.625630,1.292020,1.174939,0.056811,0.048331,0.050617,0.048003,0.040013,0.065807,0.068156,0.064190,0.000000
363053.703546,0.202138,0.179690,0.169214,0.188720,0.135890,0.176531,0.199024,0.194244,0.706794,0.829846,0.904321,0.860218,0.684758,1.067119,1.065593,1.045249,1.664026,1.870806,1.377621,1.666296,1.417117,1.997886,2.004071,1.477053,1.048732,0.809142,0.530732,1.226202,1.154695,1.674554,1.330796,1.206123,0.056516,0.049714,0.052332,0.050604,0.038173,0.065173,0.075188,0.070218,0.000000
363053.713546,0.208356,0.190257,0.176520,0.188594,0.138068,0.175999,0.203457,0.198210,0.713693,0.845205,0.932751,0.832148,0.688488,1.001346,0.995509,0.988406,1.692273,1.850596,1.383274,1.637673,1.379439,1.997581,1.951147,1.409288,1.012797,0.793352,0.506814,1.235699,1.159496,1.715306,1.353614,1.221854,0.058040,0.049382,0.053827,0.051357,0.041507,0.070937,0.077776,0.072128,0.000000
363053.723546,0.214186,0.192395,0.178633,0.188530,0.138501,0.180349,0.207610,0.201929,0.720189,0.867920,0.957587,0.806242,0.694159,0.934532,0.930714,0.935887,1.718515,1.838094,1.392996,1.612835,1.337877,1.985796,1.902188,1.346588,0.979653,0.768165,0.506537,1.244504,1.153221,1.741852,1.374744,1.236435,0.060605,0.053034,0.053141,0.052002,0.042376,0.072316,0.080146,0.073874,0.000000
363053.733546,0.224947,0.194440,0.180571,0.181323,0.138935,0.184416,0.209155,0.202803,0.734255,0.889026,0.980556,0.780873,0.699448,0.872688,0.875594,0.887150,1.751498,1.826626,1.402000,1.611799,1.299462,1.974888,1.851461,1.283559,0.956874,0.744955,0.506274,1.244791,1.147438,1.766426,1.392419,1.248200,0.059451,0.056346,0.052495,0.050814,0.043150,0.073569,0.076463,0.071126,0.000000
363053.743546,0.234929,0.198340,0.186282,0.174630,0.134415,0.183882,0.210576,0.203603,0.747260,0.913076,0.997911,0.757418,0.700170,0.819704,0.824614,0.842067,1.781985,1.821835,1.406005,1.610859,1.274052,1.958989,1.804532,1.225249,0.935787,0.729863,0.500857,1.245053,1.136359,1.784981,1.408767,1.259082,0.059572,0.054336,0.049861,0.049756,0.043402,0.070776,0.073061,0.068585,0.000000
363053.753546,0.240222,0.201961,0.190483,0.171961,0.130215,0.183372,0.202901,0.195775,0.760375,0.935326,1.027014,0.730628,0.700834,0.770706,0.790299,0.804826,1.813806,1.817399,1.401304,1.607516,1.268967,1.944266,1.754897,1.175973,0.919398,0.715894,0.485037,1.239382,1.126111,1.802144,1.432142,1.274876,0.057481,0.052490,0.050424,0.050177,0.043620,0.068193,0.072934,0.068716,0.000000
363053.763546,0.243199,0.208240,0.190354,0.171307,0.136404,0.179674,0.197631,0.194131,0.776223,0.952341,1.059262,0.700609,0.696529,0.728206,0.761328,0.764595,1.834549,1.809106,1.395195,1.600447,1.255231,1.927014,1.698907,1.192266,0.896666,0.701484,0.468962,1.228263,1.107898,1.819245,1.459118,1.292972,0.057673,0.049881,0.048791,0.050133,0.042820,0.067687,0.073358,0.068057,0.000000
363053.928020,0.246278,0.211971,0.179557,0.169345,0.137598,0.177416,0.195354,0.194053,0.791927,0.981812,1.098865,0.671909,0.699162,0.687759,0.725986,0.720116,1.848011,1.796637,1.382544,1.585873,1.238279,1.911225,1.643667,1.204039,0.875313,0.676095,0.460920,1.210701,1.084711,1.832479,1.484914,1.310691,0.059305,0.051093,0.047557,0.050965,0.041507,0.067193,0.070946,0.066742,0.000000
363053.938020,0.233435,0.215214,0.169532,0.162814,0.140415,0.173823,0.185243,0.184653,0.826636,1.014370,1.135516,0.654121,0.703234,0.645506,0.689952,0.688573,1.848650,1.781229,1.370806,1.563140,1.216471,1.901638,1.597302,1.205026,0.862824,0.653968,0.453455,1.187535,1.060796,1.838165,1.507940,1.326184,0.058911,0.052154,0.046458,0.049255,0.040653,0.067718,0.068626,0.065210,0.000000
363053.948020,0.221493,0.201571,0.160258,0.156754,0.137292,0.166616,0.175858,0.175921,0.861306,1.062500,1.169417,0.637671,0.712609,0.606057,0.656590,0.659413,1.849266,1.758251,1.359949,1.542123,1.191417,1.900366,1.554402,1.205922,0.851324,0.647032,0.446550,1.166139,1.036931,1.834785,1.529272,1.340557,0.058592,0.051503,0.045442,0.047656,0.038248,0.066293,0.066447,0.063751,0.000000
363053.958020,0.210447,0.189003,0.153590,0.151148,0.134380,0.159932,0.167177,0.167844,0.893376,1.107059,1.200776,0.622454,0.721295,0.569549,0.625731,0.632440,1.849836,1.736919,1.349906,1.522682,1.168231,1.899183,1.514719,1.206752,0.840686,0.640640,0.440162,1.146347,1.014879,1.831675,1.549004,1.353853,0.058296,0.050948,0.045067,0.046177,0.036007,0.064967,0.064432,0.062402,0.000000
363053.968020,0.200229,0.184793,0.152620,0.145962,0.131685,0.153749,0.159146,0.160372,0.923040,1.148277,1.229783,0.626102,0.729330,0.535806,0.597186,0.607490,1.850363,1.717186,1.340616,1.504699,1.146784,1.898088,1.478013,1.207519,0.830846,0.634729,0.434254,1.128040,0.994482,1.828799,1.567256,1.366151,0.058023,0.050436,0.044915,0.044809,0.035983,0.063741,0.062567,0.061153,0.000000
363053.978020,0.196383,0.185726,0.151723,0.141165,0.129193,0.148031,0.151718,0.153461,0.950480,1.186403,1.256615,0.635828,0.736763,0.550459,0.570782,0.584411,1.850851,1.698934,1.332023,1.488065,1.126945,1.897076,1.444059,1.208229,0.821744,0.629260,0.428789,1.111106,1.000459,1.826138,1.584139,1.377527,0.057770,0.049961,0.044774,0.043544,0.036188,0.062606,0.060843,0.059998,0.000000
363053.988020,0.197761,0.186588,0.154737,0.139212,0.126888,0.142740,0.144847,0.147068,0.975862,1.221670,1.289327,0.644824,0.743638,0.564013,0.546358,0.563063,1.851302,1.682050,1.318206,1.472679,1.108594,1.896140,1.412973,1.208886,0.813324,0.624202,0.424060,1.095443,1.009254,1.823677,1.599756,1.388049,0.057536,0.049523,0.046632,0.042374,0.036382,0.061557,0.059248,0.058930,0.000000
363053.998020,0.202084,0.187386,0.167618,0.140913,0.124756,0.137847,0.139136,0.140997,0.983354,1.254292,1.331734,0.644642,0.749997,0.576550,0.552880,0.544200,1.837780,1.666432,1.293773,1.450809,1.122049,1.895274,1.425098,1.211507,0.818015,0.619523,0.409328,1.080110,1.017389,1.821400,1.621277,1.403512,0.061158,0.049117,0.047791,0.043429,0.036643,0.060586,0.059891,0.058886,0.000000
